playerID,feature1,feature2,feature3,feature4,feature5,feature6,feature7,feature8,feature9,feature10,class
aaronha01,1954,1976,3771,755,2297,NULL,NULL,NULL,NULL,16,1
abbotji01,1989,1999,2,0,3,254,1779,620,888,2,0
adamsba01,1906,1926,216,3,75,355,2841,430,1036,2,0
adamsbo03,1946,1959,1082,37,303,NULL,NULL,NULL,NULL,NULL,0
adamssp01,1922,1934,1588,9,394,NULL,NULL,NULL,NULL,NULL,0
ageeto01,1962,1973,999,130,433,NULL,NULL,NULL,NULL,3,0
aguilri01,1985,2000,28,3,11,89,1233,351,1030,NULL,0
akerja01,1964,1974,7,0,4,0,679,274,404,1,0
alexado01,1971,1989,44,0,17,464,3376,978,1528,NULL,0
alexape01,1911,1930,378,11,163,599,4868,951,2198,21,1
allenbe01,1962,1973,815,73,351,NULL,NULL,NULL,NULL,NULL,0
allendi01,1963,1977,1848,351,1119,NULL,NULL,NULL,NULL,5,0
allenjo02,1932,1944,124,4,64,241,1849,738,1070,4,0
alleyge01,1963,1973,999,55,342,NULL,NULL,NULL,NULL,4,0
allisdo01,1871,1883,381,2,140,0,11,1,0,NULL,0
alomaro01,1988,2004,2724,210,1134,NULL,NULL,NULL,NULL,21,1
alomasa02,1988,2007,1236,112,588,NULL,NULL,NULL,NULL,3,0
aloufe01,1958,1974,2101,206,852,NULL,NULL,NULL,NULL,1,0
alouje01,1963,1979,1216,32,377,NULL,NULL,NULL,NULL,NULL,0
alouma01,1960,1974,1777,31,427,0,3,1,3,1,0
aloumo01,1990,2008,2134,332,1287,NULL,NULL,NULL,NULL,5,0
altroni01,1898,1933,97,2,27,161,1455,272,425,NULL,0
anderbr01,1988,2002,1661,210,761,NULL,NULL,NULL,NULL,NULL,0
anderga01,1994,2010,2529,287,1365,NULL,NULL,NULL,NULL,5,0
ansonca01,1871,1897,3418,97,2076,0,4,2,1,NULL,1
aparilu01,1956,1973,2677,83,791,NULL,NULL,NULL,NULL,15,1
appieke01,1989,2004,8,0,4,402,2425,933,1994,NULL,0
applilu01,1930,1950,2749,45,1116,NULL,NULL,NULL,NULL,10,1
archeji01,1904,1918,660,16,296,NULL,NULL,NULL,NULL,9,0
ashburi01,1948,1962,2574,29,586,NULL,NULL,NULL,NULL,NULL,1
aurilri01,1995,2009,1576,186,756,NULL,NULL,NULL,NULL,2,0
ausmubr01,1993,2010,1579,80,607,NULL,NULL,NULL,NULL,3,0
austiji01,1909,1929,1328,13,390,NULL,NULL,NULL,NULL,NULL,0
averiea01,1929,1941,2019,238,1164,NULL,NULL,NULL,NULL,11,1
baergca01,1990,2005,1583,134,774,NULL,NULL,NULL,NULL,4,0
bagweje01,1991,2005,2314,449,1529,NULL,NULL,NULL,NULL,11,1
bahnsst01,1966,1982,56,1,19,327,2440,924,1359,1,0
bailebo01,1962,1978,1564,189,773,NULL,NULL,NULL,NULL,NULL,0
bailobo01,1975,1985,775,9,222,0,4,1,0,NULL,0
baineha01,1980,2001,2866,384,1628,NULL,NULL,NULL,NULL,4,0
bakerdu01,1968,1986,1981,242,1013,NULL,NULL,NULL,NULL,5,0
bakerfr01,1908,1922,1838,96,987,NULL,NULL,NULL,NULL,7,1
bancrda01,1915,1930,2004,32,591,NULL,NULL,NULL,NULL,8,1
bandosa01,1966,1981,1790,242,1039,0,3,0,0,2,0
bankser01,1953,1971,2583,512,1636,NULL,NULL,NULL,NULL,10,1
barbest01,1960,1974,65,5,27,272,1818,950,1309,NULL,0
barnero01,1871,1881,859,6,350,0,7,0,0,NULL,0
barrji01,1971,1983,83,1,31,252,2170,469,741,NULL,0
barryja01,1908,1919,1009,10,429,NULL,NULL,NULL,NULL,2,0
bartedi01,1927,1946,2165,79,710,NULL,NULL,NULL,NULL,2,0
bartobo01,1965,1974,237,9,66,NULL,NULL,NULL,NULL,NULL,0
battijo01,1871,1890,439,3,143,0,12,2,1,NULL,0
bauerha01,1948,1961,1424,164,703,NULL,NULL,NULL,NULL,NULL,0
baylodo01,1970,1988,2135,338,1276,NULL,NULL,NULL,NULL,9,0
beaucji01,1963,1973,153,14,90,NULL,NULL,NULL,NULL,NULL,0
beaumgi01,1899,1910,1759,39,617,NULL,NULL,NULL,NULL,NULL,0
beckegl01,1965,1975,1473,22,360,NULL,NULL,NULL,NULL,4,0
becklja01,1888,1907,2930,86,1575,1,9,1,2,NULL,1
beckro01,1991,2004,4,0,1,0,703,191,644,1,0
bedrost01,1981,1995,15,0,2,46,1026,518,921,3,0
belanma01,1965,1982,1316,20,389,NULL,NULL,NULL,NULL,9,0
bellbu01,1972,1989,2514,201,1106,NULL,NULL,NULL,NULL,10,0
bellco99,NULL,NULL,NULL,NULL,NULL,NULL,NULL,NULL,NULL,NULL,1
belleal01,1989,2000,1726,381,1239,NULL,NULL,NULL,NULL,11,0
bellge02,1981,1993,1702,265,1002,NULL,NULL,NULL,NULL,8,0
bellja01,1986,2003,1963,195,860,NULL,NULL,NULL,NULL,3,0
benchjo01,1967,1983,2048,389,1376,NULL,NULL,NULL,NULL,26,1
bendech01,1903,1925,243,6,116,334,2645,712,1711,3,1
benitar01,1994,2008,0,0,2,0,545,403,946,2,0
bennech01,1878,1893,978,55,533,NULL,NULL,NULL,NULL,NULL,0
bentola01,1923,1935,122,2,42,258,2559,691,670,2,0
bergema01,1896,1899,339,10,176,NULL,NULL,NULL,NULL,NULL,0
bergewa01,1930,1940,1550,242,898,NULL,NULL,NULL,NULL,5,0
bergmo01,1923,1939,441,6,206,NULL,NULL,NULL,NULL,NULL,0
berrayo01,1946,1965,2150,358,1430,NULL,NULL,NULL,NULL,13,1
berrych02,1925,1938,539,23,256,NULL,NULL,NULL,NULL,NULL,0
berryke01,1962,1975,1053,58,343,NULL,NULL,NULL,NULL,2,0
bibbyji01,1972,1984,31,5,17,239,1565,723,1079,1,0
bicheda01,1988,2001,1906,274,1141,NULL,NULL,NULL,NULL,2,0
bigbeca01,1916,1926,1205,17,324,NULL,NULL,NULL,NULL,2,0
biggicr01,1988,2007,3060,291,1175,NULL,NULL,NULL,NULL,17,1
billija01,1968,1980,62,0,23,305,2272,750,1141,NULL,0
bishoma01,1924,1935,1216,41,379,NULL,NULL,NULL,NULL,NULL,0
blackew01,1942,1955,77,1,22,169,1150,562,839,3,0
bladera01,1922,1932,726,50,340,NULL,NULL,NULL,NULL,NULL,0
blairpa01,1964,1980,1513,134,620,NULL,NULL,NULL,NULL,10,0
blakeca01,1999,2011,1186,167,616,NULL,NULL,NULL,NULL,NULL,0
blassst01,1964,1974,94,1,37,231,1558,597,896,NULL,0
bluegos01,1922,1939,1751,43,848,NULL,NULL,NULL,NULL,2,0
bluelu01,1921,1933,1696,44,695,NULL,NULL,NULL,NULL,NULL,0
bluevi01,1969,1986,53,4,15,473,2939,1185,2175,6,0
blylebe01,1970,1992,59,0,25,685,4632,1322,3701,NULL,1
boccajo01,1963,1974,320,26,148,NULL,NULL,NULL,NULL,NULL,0
boddimi01,1980,1993,0,0,0,309,2082,721,1330,3,0
bodiepi01,1911,1921,1011,43,516,NULL,NULL,NULL,NULL,NULL,0
boggswa01,1982,1999,3010,118,1014,0,3,1,2,17,1
boleyjo01,1927,1932,478,7,227,NULL,NULL,NULL,NULL,NULL,0
bolinbo01,1961,1973,69,6,35,164,1364,597,1175,NULL,0
bondsba01,1986,2007,2935,762,1996,NULL,NULL,NULL,NULL,47,0
bondsbo01,1968,1981,1886,332,1024,NULL,NULL,NULL,NULL,7,0
bondto01,1874,1884,471,0,174,408,3767,198,879,1,0
bonilbo01,1986,2001,2010,287,1173,0,3,1,0,6,0
booneaa01,1997,2009,1017,126,555,NULL,NULL,NULL,NULL,NULL,0
boonebo01,1972,1990,1838,105,826,NULL,NULL,NULL,NULL,8,0
boonebr01,1992,2005,1775,252,1021,NULL,NULL,NULL,NULL,8,0
bottoji01,1922,1937,2313,219,1422,NULL,NULL,NULL,NULL,4,1
boudrlo01,1938,1952,1779,68,789,NULL,NULL,NULL,NULL,11,1
boutoji01,1962,1978,35,0,21,144,1131,435,720,NULL,0
bowala01,1970,1985,2191,15,525,NULL,NULL,NULL,NULL,4,0
boyercl02,1955,1971,1396,162,654,NULL,NULL,NULL,NULL,1,0
boyerke01,1955,1969,2143,282,1141,NULL,NULL,NULL,NULL,14,0
bradlbi01,1899,1915,1471,33,552,0,4,0,0,NULL,0
brechha01,1940,1953,129,2,44,240,1731,536,901,5,0
breitte01,1891,1901,291,4,126,341,3091,1203,889,NULL,0
bresnro01,1897,1915,1252,26,530,6,68,15,15,5,1
brettge01,1973,1993,3154,317,1595,NULL,NULL,NULL,NULL,14,1
breweji01,1960,1976,21,0,9,35,898,360,810,NULL,0
bridgto01,1930,1946,181,0,72,362,2675,1192,1674,6,0
briggjo02,1964,1975,1041,139,507,NULL,NULL,NULL,NULL,NULL,0
brilene01,1965,1978,72,3,29,279,2141,547,1163,NULL,0
brocklo01,1961,1979,3023,149,900,NULL,NULL,NULL,NULL,7,1
brookhu01,1980,1994,1608,149,824,NULL,NULL,NULL,NULL,2,0
brosisc01,1991,2001,1001,141,531,NULL,NULL,NULL,NULL,4,0
broutda01,1879,1904,2296,106,1296,2,44,11,8,NULL,1
brownga01,1963,1975,582,84,322,NULL,NULL,NULL,NULL,NULL,0
brownke01,1986,2005,64,2,29,476,3079,901,2397,2,0
brownla01,1963,1974,803,47,254,NULL,NULL,NULL,NULL,NULL,0
brownmo01,1903,1916,235,2,74,332,2708,673,1375,4,1
brownra99,NULL,NULL,NULL,NULL,NULL,NULL,NULL,NULL,NULL,NULL,1
brownto05,1984,1995,95,2,32,300,1931,511,1000,NULL,0
brownwi02,1947,1947,12,1,6,NULL,NULL,NULL,NULL,NULL,1
brutobi01,1953,1964,1651,94,545,NULL,NULL,NULL,NULL,NULL,0
bucknbi01,1969,1990,2715,174,1208,NULL,NULL,NULL,NULL,NULL,0
buhneja01,1987,2001,1273,310,965,NULL,NULL,NULL,NULL,1,0
bumbral01,1972,1985,1422,54,402,NULL,NULL,NULL,NULL,2,0
bunniji01,1955,1971,213,7,75,519,3433,1000,2855,2,1
burdele01,1950,1967,185,12,75,373,3186,628,1074,2,0
burgesm01,1949,1967,1318,126,673,NULL,NULL,NULL,NULL,1,0
burkeje01,1890,1905,2850,75,952,12,144,94,84,NULL,1
burksel01,1987,2004,2107,352,1206,NULL,NULL,NULL,NULL,5,0
burleri01,1974,1987,1401,50,449,NULL,NULL,NULL,NULL,4,0
burnije01,1993,2006,1447,315,981,NULL,NULL,NULL,NULL,NULL,0
burnsge01,1911,1925,2077,41,611,NULL,NULL,NULL,NULL,4,0
burrepa01,2000,2011,1393,292,976,NULL,NULL,NULL,NULL,NULL,0
burroje01,1970,1985,1443,240,882,NULL,NULL,NULL,NULL,3,0
bushdo01,1908,1923,1804,9,436,NULL,NULL,NULL,NULL,4,0
bushgu01,1923,1945,143,0,52,308,2950,859,850,NULL,0
bushjo01,1912,1928,313,7,137,366,2992,1263,1319,2,0
butlebr01,1981,1997,2375,54,578,NULL,NULL,NULL,NULL,2,0
cabreor01,1997,2011,2055,123,854,NULL,NULL,NULL,NULL,2,0
cadorle01,1915,1924,92,5,45,147,1273,289,445,NULL,0
caldwmi01,1971,1984,34,0,8,307,2581,597,939,NULL,0
callijo01,1958,1973,1757,226,840,NULL,NULL,NULL,NULL,1,0
camermi01,1995,2011,1700,278,968,NULL,NULL,NULL,NULL,3,0
camildo01,1933,1945,1482,239,950,NULL,NULL,NULL,NULL,5,0
caminke01,1987,2001,1710,239,983,NULL,NULL,NULL,NULL,6,0
camniho01,1904,1915,92,1,32,236,1852,656,915,1,0
campabe01,1964,1983,2249,79,646,0,1,2,1,3,0
camparo01,1948,1957,1161,242,856,NULL,NULL,NULL,NULL,10,1
campbbi02,1973,1987,4,0,2,9,1139,495,864,4,0
candejo01,1975,1993,104,1,48,356,2399,592,1673,NULL,0
candito01,1983,1999,35,0,12,410,2662,883,1735,NULL,0
cannich01,1960,1974,458,18,169,NULL,NULL,NULL,NULL,NULL,0
cansejo01,1985,2001,1877,462,1407,0,2,3,0,11,0
cardejo02,1963,1980,1913,138,775,NULL,NULL,NULL,NULL,NULL,0
cardele01,1960,1975,1725,118,689,NULL,NULL,NULL,NULL,2,0
carewro01,1967,1985,3053,92,1015,NULL,NULL,NULL,NULL,14,1
careyma01,1910,1929,2665,70,800,NULL,NULL,NULL,NULL,5,1
carltst01,1965,1988,346,13,140,709,4672,1833,4136,17,1
carrach01,1950,1959,1199,55,474,NULL,NULL,NULL,NULL,NULL,0
carribi02,1906,1916,506,6,235,NULL,NULL,NULL,NULL,3,0
carrocl02,1964,1978,27,1,7,28,1296,442,681,1,0
cartega01,1974,1992,2092,324,1225,NULL,NULL,NULL,NULL,17,1
cartejo01,1983,1998,2184,396,1445,NULL,NULL,NULL,NULL,4,0
cartyri01,1963,1979,1677,204,890,NULL,NULL,NULL,NULL,NULL,0
casanpa01,1965,1974,627,50,252,NULL,NULL,NULL,NULL,1,0
casege01,1937,1947,1415,21,377,NULL,NULL,NULL,NULL,NULL,0
caseyse01,1997,2008,1531,130,735,NULL,NULL,NULL,NULL,1,0
cashda01,1969,1980,1571,21,426,NULL,NULL,NULL,NULL,NULL,0
cashno01,1958,1974,1820,377,1103,NULL,NULL,NULL,NULL,2,0
castilu01,1996,2010,1889,28,443,NULL,NULL,NULL,NULL,3,0
castivi02,1991,2006,1884,320,1105,NULL,NULL,NULL,NULL,6,0
cavarph01,1934,1955,1977,95,920,NULL,NULL,NULL,NULL,5,0
cedence01,1970,1986,2087,199,976,NULL,NULL,NULL,NULL,9,0
cepedor01,1958,1974,2351,379,1365,NULL,NULL,NULL,NULL,7,1
ceyro01,1971,1987,1868,316,1139,NULL,NULL,NULL,NULL,3,0
chambch01,1971,1988,2109,185,972,NULL,NULL,NULL,NULL,3,0
chancfr01,1898,1914,1273,20,596,NULL,NULL,NULL,NULL,2,1
chandsp01,1937,1947,110,9,45,184,1327,463,614,7,0
chapmbe01,1930,1946,1958,90,977,16,147,71,65,NULL,0
chapmra01,1912,1920,1053,17,364,NULL,NULL,NULL,NULL,3,0
chapmsa01,1938,1951,1329,180,773,NULL,NULL,NULL,NULL,NULL,0
charlos99,NULL,NULL,NULL,NULL,NULL,NULL,NULL,NULL,NULL,NULL,1
chaseha01,1905,1919,2158,57,941,0,0,0,0,9,0
chesbja01,1899,1909,217,5,82,332,2642,690,1265,NULL,1
cirilje01,1994,2007,1598,112,727,0,0,2,1,NULL,0
cissebi01,1928,1938,990,29,423,NULL,NULL,NULL,NULL,NULL,0
clarkfr01,1894,1915,2672,67,1015,NULL,NULL,NULL,NULL,6,1
clarkho01,1965,1974,1230,27,304,NULL,NULL,NULL,NULL,NULL,0
clarkja01,1975,1992,1826,340,1180,NULL,NULL,NULL,NULL,4,0
clarkjo01,1882,1894,432,24,232,518,4295,1191,1978,1,1
clarkto02,1995,2009,1188,251,824,NULL,NULL,NULL,NULL,NULL,0
clarkwi02,1986,2000,2176,284,1205,NULL,NULL,NULL,NULL,7,0
claytro01,1991,2007,1904,110,723,NULL,NULL,NULL,NULL,NULL,0
clemero01,1955,1972,3000,240,1305,NULL,NULL,NULL,NULL,21,1
clemero02,1984,2007,31,0,12,707,4185,1580,4672,22,0
coaklan01,1902,1911,42,0,6,124,1021,314,428,NULL,0
cobbty01,1905,1928,4189,117,1937,0,6,2,0,31,1
cochrmi01,1925,1937,1652,119,832,NULL,NULL,NULL,NULL,28,1
colavro01,1955,1968,1730,374,1159,0,1,5,2,1,0
colboji01,1969,1978,4,0,1,204,1619,475,688,NULL,0
colemvi01,1985,1997,1425,28,346,NULL,NULL,NULL,NULL,1,0
collied01,1906,1930,3315,47,1300,NULL,NULL,NULL,NULL,29,1
colliji01,1895,1908,1999,65,983,NULL,NULL,NULL,NULL,NULL,1
collish01,1910,1925,1687,22,709,NULL,NULL,NULL,NULL,NULL,0
combsea01,1924,1935,1866,58,632,NULL,NULL,NULL,NULL,1,1
comisch01,1882,1894,1530,29,883,1,13,3,6,NULL,0
conceda01,1970,1988,2326,101,950,0,2,0,1,11,0
coneda01,1986,2003,64,0,22,419,2504,1137,2668,3,0
coninje01,1990,2007,1982,214,1071,NULL,NULL,NULL,NULL,1,0
connoro01,1880,1897,2467,138,1322,NULL,NULL,NULL,NULL,NULL,1
conrowi01,1901,1911,1257,22,452,NULL,NULL,NULL,NULL,NULL,0
coombja01,1906,1920,261,4,100,270,2034,841,1052,3,0
coopean99,NULL,NULL,NULL,NULL,NULL,NULL,NULL,NULL,NULL,NULL,1
coopece01,1971,1987,2192,241,1125,NULL,NULL,NULL,NULL,10,0
coopemo01,1938,1949,127,6,68,239,1666,571,913,11,0
coopewa01,1940,1957,1341,173,812,NULL,NULL,NULL,NULL,6,0
coopewi01,1912,1926,293,6,106,408,3415,853,1252,5,0
courtcl01,1951,1961,750,38,313,NULL,NULL,NULL,NULL,NULL,0
covelst01,1912,1928,168,1,81,385,3055,802,981,3,1
coxbi02,1941,1955,974,66,351,NULL,NULL,NULL,NULL,NULL,0
cramedo01,1929,1948,2705,37,842,0,3,3,1,2,0
crandde01,1949,1966,1276,179,657,NULL,NULL,NULL,NULL,7,0
cranddo01,1908,1918,253,9,126,134,1538,379,606,NULL,0
cravaga01,1908,1920,1134,119,719,NULL,NULL,NULL,NULL,2,0
crawfsa01,1899,1917,2961,97,1525,NULL,NULL,NULL,NULL,5,1
crigelo01,1896,1912,709,11,342,NULL,NULL,NULL,NULL,1,0
critzhu01,1924,1935,1591,38,531,NULL,NULL,NULL,NULL,NULL,0
cronijo01,1926,1945,2285,170,1424,NULL,NULL,NULL,NULL,20,1
crosefr01,1932,1948,1541,98,649,NULL,NULL,NULL,NULL,NULL,0
crossla01,1887,1907,2645,47,1371,NULL,NULL,NULL,NULL,NULL,0
crowdal01,1926,1936,164,0,59,292,2453,800,799,5,0
crowlte01,1969,1983,379,42,229,NULL,NULL,NULL,NULL,NULL,0
cruiswa01,1914,1924,644,30,272,NULL,NULL,NULL,NULL,NULL,0
cruzjo01,1970,1988,2251,165,1077,NULL,NULL,NULL,NULL,3,0
cuccito01,1930,1945,1729,94,884,NULL,NULL,NULL,NULL,1,0
cuellmi01,1959,1977,76,7,33,379,2538,822,1632,3,0
culpra01,1963,1973,74,1,34,268,1677,752,1411,NULL,0
cummica01,1872,1877,227,0,107,241,2507,117,130,NULL,0
cuyleki01,1921,1938,2299,128,1065,NULL,NULL,NULL,NULL,9,1
dahlebi01,1891,1911,2457,84,1233,NULL,NULL,NULL,NULL,NULL,0
dandrra99,NULL,NULL,NULL,NULL,NULL,NULL,NULL,NULL,NULL,NULL,1
danniha01,1933,1942,847,57,397,NULL,NULL,NULL,NULL,5,0
darkal01,1946,1960,2089,126,757,1,1,1,0,4,0
darliro01,1983,1995,76,2,21,364,2244,906,1590,1,0
darwida01,1978,1998,39,2,22,371,2951,874,1942,NULL,0
daubeja01,1910,1924,2326,56,722,NULL,NULL,NULL,NULL,13,0
dauerri01,1976,1985,984,43,372,NULL,NULL,NULL,NULL,NULL,0
daultda01,1983,1997,891,137,588,NULL,NULL,NULL,NULL,2,0
davalvi01,1963,1980,1122,36,329,0,2,2,0,1,0
davisch01,1981,1999,2380,350,1372,0,0,0,0,NULL,0
daviscu01,1934,1946,165,11,81,281,2459,479,684,2,0
daviser01,1984,2001,1430,282,934,NULL,NULL,NULL,NULL,9,0
davisge01,1890,1909,2660,73,1437,0,8,3,4,NULL,1
davisha01,1895,1917,1841,75,951,NULL,NULL,NULL,NULL,NULL,0
davisma01,1980,1997,26,1,9,85,1068,534,1007,5,0
davissp01,1928,1945,1312,77,647,NULL,NULL,NULL,NULL,NULL,0
davisto02,1959,1976,2121,153,1052,NULL,NULL,NULL,NULL,3,0
dawsoan01,1976,1996,2774,438,1591,NULL,NULL,NULL,NULL,20,1
dayle99,NULL,NULL,NULL,NULL,NULL,NULL,NULL,NULL,NULL,NULL,1
deandi01,1930,1947,161,8,76,230,1919,453,1163,14,1
decindo01,1973,1987,1505,237,879,NULL,NULL,NULL,NULL,2,0
delahed01,1888,1903,2596,101,1464,NULL,NULL,NULL,NULL,NULL,1
delgaca01,1993,2009,2038,473,1512,NULL,NULL,NULL,NULL,8,0
dempsri01,1969,1992,1093,96,471,0,3,1,0,2,0
dennyje01,1881,1894,1286,74,667,0,5,4,1,NULL,0
dennyjo01,1974,1986,97,0,29,322,2093,778,1146,3,0
dentbu01,1973,1984,1114,40,423,NULL,NULL,NULL,NULL,2,0
derripa01,1931,1945,220,2,102,445,3912,761,1507,9,0
deshaji01,1984,1995,33,0,12,253,1434,575,951,NULL,0
dickebi01,1928,1946,1969,202,1209,NULL,NULL,NULL,NULL,20,1
dierkla01,1964,1977,107,4,46,329,2130,711,1493,NULL,0
dihigma99,NULL,NULL,NULL,NULL,NULL,NULL,NULL,NULL,NULL,NULL,1
dimagdo01,1940,1953,1680,87,618,NULL,NULL,NULL,NULL,2,0
dimagjo01,1936,1951,2214,361,1537,NULL,NULL,NULL,NULL,36,1
dinnebi01,1898,1909,219,1,60,352,2957,829,1127,NULL,0
disarga01,1989,2000,966,28,355,NULL,NULL,NULL,NULL,NULL,0
doakbi01,1912,1929,115,1,30,368,2676,851,1014,NULL,0
dobsopa01,1967,1977,39,0,12,279,2043,665,1301,NULL,0
dobyla01,1947,1959,1515,253,970,NULL,NULL,NULL,NULL,1,1
doerrbo01,1937,1951,2042,223,1247,NULL,NULL,NULL,NULL,8,1
donlimi01,1899,1914,1282,51,543,1,16,14,6,3,0
donovbi01,1898,1918,251,7,93,327,2631,1059,1552,1,0
dooinre01,1902,1916,961,10,344,NULL,NULL,NULL,NULL,2,0
downial01,1961,1977,91,2,51,317,1946,933,1639,NULL,0
downibr01,1973,1992,2099,275,1073,NULL,NULL,NULL,NULL,NULL,0
doyleja01,1889,1905,1806,26,968,NULL,NULL,NULL,NULL,NULL,0
doylela01,1907,1920,1887,74,793,NULL,NULL,NULL,NULL,3,0
drabedo01,1986,1998,119,2,46,387,2448,704,1594,3,0
drewj.01,NULL,NULL,NULL,NULL,NULL,NULL,NULL,NULL,NULL,NULL,0
dropowa01,1949,1961,1113,152,704,NULL,NULL,NULL,NULL,3,0
drysddo01,1956,1969,218,29,113,465,3084,855,2486,4,1
duffyhu01,1888,1906,2282,106,1302,NULL,NULL,NULL,NULL,1,1
duganjo01,1917,1931,1516,42,571,NULL,NULL,NULL,NULL,5,0
dunlafr01,1880,1891,1159,41,366,0,6,0,2,NULL,0
dunnja01,1897,1904,397,1,164,118,1217,334,171,NULL,0
dunstsh01,1985,2002,1597,150,668,NULL,NULL,NULL,NULL,1,0
durhara01,1995,2008,2054,192,875,NULL,NULL,NULL,NULL,NULL,0
durocle01,1925,1945,1320,24,567,NULL,NULL,NULL,NULL,NULL,0
dyeje01,1996,2009,1779,325,1072,NULL,NULL,NULL,NULL,5,0
dyered01,1922,1927,35,2,13,23,316,96,63,NULL,0
dykesji01,1918,1939,2256,108,1071,0,2,1,0,1,0
dykstle01,1985,1996,1298,81,404,NULL,NULL,NULL,NULL,2,0
earnsge01,1928,1936,162,3,70,249,1981,809,1002,6,0
eckerde01,1975,1998,24,3,12,361,3076,738,2401,9,1
eckstda01,2001,2010,1414,35,392,NULL,NULL,NULL,NULL,2,0
edmonji01,1993,2010,1949,393,1199,NULL,NULL,NULL,NULL,11,0
edwarha01,1941,1953,613,51,276,NULL,NULL,NULL,NULL,NULL,0
edwarjo01,1961,1974,1106,81,524,NULL,NULL,NULL,NULL,3,0
ehmkeho01,1915,1930,210,0,73,339,2873,1042,1030,1,0
eisenji01,1982,1998,1160,52,477,NULL,NULL,NULL,NULL,NULL,0
elberki01,1898,1914,1235,10,535,NULL,NULL,NULL,NULL,NULL,0
elliobo01,1939,1953,2061,170,1195,NULL,NULL,NULL,NULL,8,0
ellioju01,1923,1934,68,4,37,144,1338,414,453,NULL,0
ellisdo01,1968,1979,65,0,23,317,2067,674,1136,NULL,0
ennisde01,1946,1959,2063,288,1284,NULL,NULL,NULL,NULL,1,0
ensje01,1922,1925,54,1,24,NULL,NULL,NULL,NULL,NULL,0
erskica01,1948,1959,92,1,31,216,1637,646,981,NULL,0
erstada01,1996,2009,1697,124,699,NULL,NULL,NULL,NULL,5,0
evansda01,1969,1989,2223,414,1354,NULL,NULL,NULL,NULL,1,0
evansdw01,1972,1991,2446,385,1384,NULL,NULL,NULL,NULL,13,0
eversjo01,1902,1929,1659,12,538,NULL,NULL,NULL,NULL,7,1
ewingbu01,1880,1897,1625,71,883,4,55,23,23,NULL,1
faberre01,1914,1933,170,3,70,483,4106,1213,1471,2,1
facero01,1953,1969,31,0,7,27,1347,362,877,1,0
fairlro01,1958,1978,1913,215,1044,NULL,NULL,NULL,NULL,NULL,0
falkecy01,1903,1917,117,1,47,266,2090,690,1164,1,0
fellebo01,1936,1956,193,8,99,484,3271,1764,2581,18,1
fergujo01,1970,1983,719,122,445,NULL,NULL,NULL,NULL,NULL,0
fernaal01,1990,2000,22,3,14,261,1693,552,1252,NULL,0
fernasi01,1983,1997,98,1,34,300,1421,715,1743,NULL,0
fernato01,1983,2001,2276,94,844,NULL,NULL,NULL,NULL,5,0
ferreri01,1929,1947,1692,28,734,NULL,NULL,NULL,NULL,NULL,1
ferrewe01,1927,1941,329,38,208,323,2845,1040,985,10,0
fieldce01,1985,1998,1313,319,1008,NULL,NULL,NULL,NULL,6,0
fingero01,1968,1985,31,2,9,37,1474,492,1299,11,1
finlech01,1986,2002,3,0,1,467,3069,1332,2610,2,0
finlest01,1989,2007,2548,304,1167,0,0,1,0,5,0
fisheed02,1959,1973,30,0,8,63,1398,438,812,1,0
fiskca01,1969,1993,2356,376,1330,NULL,NULL,NULL,NULL,10,1
fitzsfr01,1925,1943,231,14,103,426,3335,846,870,1,0
flanami01,1975,1992,0,0,0,404,2806,890,1491,3,0
fletcar01,1909,1922,1534,32,675,NULL,NULL,NULL,NULL,NULL,0
flickel01,1898,1910,1752,48,756,NULL,NULL,NULL,NULL,NULL,1
flintsi01,1875,1889,687,21,295,NULL,NULL,NULL,NULL,NULL,0
floodcu01,1956,1971,1861,85,636,NULL,NULL,NULL,NULL,8,0
floydcl01,1993,2009,1479,233,865,NULL,NULL,NULL,NULL,NULL,0
fonsele01,1921,1933,1075,31,485,0,0,0,0,1,0
fordwh01,1950,1967,177,3,69,438,2766,1086,1956,10,1
forscbo01,1974,1989,190,12,84,422,2777,832,1133,2,0
forscke01,1970,1986,52,0,17,241,2071,586,1047,NULL,0
fostebi99,NULL,NULL,NULL,NULL,NULL,NULL,NULL,NULL,NULL,NULL,1
fosteed02,1910,1923,1490,6,451,NULL,NULL,NULL,NULL,NULL,0
fostege01,1969,1986,1925,348,1239,NULL,NULL,NULL,NULL,9,0
foxne01,1947,1965,2663,35,790,NULL,NULL,NULL,NULL,9,1
foxxji01,1925,1945,2646,534,1922,2,13,14,11,22,1
francjo01,1984,2005,3,0,1,0,1166,495,975,6,0
francju02,2009,2014,235,48,152,NULL,NULL,NULL,NULL,NULL,0
frasech01,1896,1909,235,3,96,389,3460,1332,1098,NULL,0
freehbi01,1961,1976,1591,200,758,NULL,NULL,NULL,NULL,9,0
fregoji01,1961,1978,1726,151,706,NULL,NULL,NULL,NULL,3,0
friscfr01,1919,1937,2880,105,1244,NULL,NULL,NULL,NULL,15,1
frymatr01,1990,2002,1776,223,1022,NULL,NULL,NULL,NULL,5,0
frymawo01,1966,1983,84,2,25,322,2367,890,1587,NULL,0
furilca01,1946,1960,1910,192,1058,NULL,NULL,NULL,NULL,3,0
gaettga01,1981,2000,2280,360,1341,0,5,1,1,6,0
gagliph01,1963,1974,336,14,159,NULL,NULL,NULL,NULL,NULL,0
gagneer01,1999,2008,12,1,3,48,518,226,718,6,0
galanau01,1934,1949,1706,100,830,NULL,NULL,NULL,NULL,NULL,0
galaran01,1985,2004,2333,399,1425,NULL,NULL,NULL,NULL,4,0
galvipu01,1875,1892,552,5,220,689,6405,745,1806,NULL,1
gamblos01,1969,1985,1195,200,666,NULL,NULL,NULL,NULL,NULL,0
gantro01,1987,2003,1651,321,1008,NULL,NULL,NULL,NULL,2,0
garcino01,1996,2009,1747,229,936,NULL,NULL,NULL,NULL,5,0
garneph01,1973,1988,1594,109,738,NULL,NULL,NULL,NULL,NULL,0
garvene01,1948,1961,180,7,72,330,2471,881,881,NULL,0
garvest01,1969,1987,2599,272,1308,NULL,NULL,NULL,NULL,15,0
gehrich01,1924,1942,2839,184,1427,NULL,NULL,NULL,NULL,24,1
gehrilo01,1923,1939,2721,493,1995,NULL,NULL,NULL,NULL,25,1
gelbech01,1929,1940,766,17,350,0,5,3,1,NULL,0
geronce01,1969,1983,977,51,392,NULL,NULL,NULL,NULL,4,0
gibsobo01,1959,1975,274,24,144,482,3279,1336,3117,19,1
gibsojo99,NULL,NULL,NULL,NULL,NULL,NULL,NULL,NULL,NULL,NULL,1
gibsoki01,1979,1995,1553,255,870,NULL,NULL,NULL,NULL,3,0
gilesbr02,1995,2009,1897,287,1078,NULL,NULL,NULL,NULL,NULL,0
giustda01,1962,1977,77,4,46,133,1654,570,1103,1,0
gladdfr01,1961,1973,1,0,3,1,566,223,394,NULL,0
glassja01,1879,1895,2040,27,825,0,12,7,3,NULL,0
glaustr01,1998,2010,1375,320,950,NULL,NULL,NULL,NULL,5,0
glavito02,1987,2008,246,1,90,682,4298,1500,2607,14,1
gleaski01,1888,1912,1944,15,823,266,2552,906,744,NULL,0
goltzda01,1972,1983,10,0,7,264,2104,646,1105,NULL,0
gomezle01,1930,1943,133,0,58,320,2290,1095,1468,11,1
gonzaju03,1989,2005,1936,434,1404,NULL,NULL,NULL,NULL,12,0
gonzalu01,1990,2008,2591,354,1439,NULL,NULL,NULL,NULL,3,0
gonzami01,1912,1932,717,13,263,NULL,NULL,NULL,NULL,NULL,0
goodedw01,1984,2000,145,8,67,410,2564,954,2293,6,0
gordojo01,1938,1950,1530,253,975,NULL,NULL,NULL,NULL,21,1
gordoto01,1988,2009,0,0,0,203,1889,977,1928,2,0
gosgeji01,1963,1974,411,30,177,NULL,NULL,NULL,NULL,NULL,0
gosligo01,1921,1938,2735,248,1609,NULL,NULL,NULL,NULL,4,1
gossari01,1972,1994,9,0,2,37,1497,732,1502,3,1
gowdyha01,1910,1930,738,21,322,NULL,NULL,NULL,NULL,1,0
gracema01,1988,2003,2445,173,1146,0,1,0,0,4,0
granted01,1905,1915,844,5,277,NULL,NULL,NULL,NULL,NULL,0
grantfr99,NULL,NULL,NULL,NULL,NULL,NULL,NULL,NULL,NULL,NULL,1
grantge01,1922,1934,1508,105,712,NULL,NULL,NULL,NULL,NULL,0
grantmu01,1958,1971,135,6,65,293,2292,849,1267,2,0
greenha01,1930,1947,1628,331,1276,NULL,NULL,NULL,NULL,12,1
greenmi01,1985,1996,1400,130,726,NULL,NULL,NULL,NULL,2,0
greensh01,1993,2007,2003,328,1070,NULL,NULL,NULL,NULL,3,0
grichbo01,1970,1986,1833,224,864,NULL,NULL,NULL,NULL,8,0
griffcl01,1891,1914,321,8,166,372,3670,774,955,NULL,1
griffke01,1973,1991,2143,152,859,NULL,NULL,NULL,NULL,2,0
griffke02,1989,2010,2781,630,1836,NULL,NULL,NULL,NULL,29,1
grimebu01,1916,1934,380,2,168,497,4412,1295,1512,11,1
grimmch01,1916,1936,2299,79,1078,NULL,NULL,NULL,NULL,2,0
grimsro02,1971,1982,45,0,15,295,2105,559,750,NULL,0
grissma01,1946,1959,23,0,6,52,771,343,459,NULL,0
grissma02,1989,2005,2251,227,967,NULL,NULL,NULL,NULL,5,0
groatdi01,1952,1967,2138,39,707,NULL,NULL,NULL,NULL,5,0
grohhe01,1912,1927,1774,26,566,NULL,NULL,NULL,NULL,8,0
gromest01,1941,1957,124,0,40,225,1940,630,904,1,0
grossgr01,1973,1989,1073,7,308,0,4,2,3,NULL,0
groteje01,1963,1981,1092,39,404,NULL,NULL,NULL,NULL,NULL,0
grovele01,1925,1941,202,15,121,457,3849,1187,2266,26,1
groveor01,1940,1949,48,1,19,152,1237,444,374,NULL,0
grudzma01,1995,2010,2040,90,640,NULL,NULL,NULL,NULL,1,0
guarded01,1993,2009,0,0,0,25,894,348,798,NULL,0
guerrpe01,1978,1992,1618,215,898,NULL,NULL,NULL,NULL,4,0
guerrvl01,1996,2011,2590,449,1496,NULL,NULL,NULL,NULL,15,0
guidrro01,1975,1988,0,0,0,323,2198,633,1778,13,0
guillca01,1998,2011,1331,124,660,NULL,NULL,NULL,NULL,NULL,0
guilloz01,1985,2000,1764,28,619,NULL,NULL,NULL,NULL,2,0
gullibi01,1979,1994,81,3,27,390,2659,622,1279,NULL,0
gurala01,1970,1985,3,0,1,261,2020,600,801,NULL,0
gustifr01,1939,1950,1214,38,480,NULL,NULL,NULL,NULL,NULL,0
gwynnto01,1982,2001,3141,135,1138,NULL,NULL,NULL,NULL,21,1
haasmu01,1925,1938,1257,43,496,NULL,NULL,NULL,NULL,NULL,0
hackst01,1932,1947,2193,57,642,NULL,NULL,NULL,NULL,6,0
haddiha01,1952,1965,169,4,64,285,2154,601,1575,3,0
hafeych01,1924,1937,1466,164,833,NULL,NULL,NULL,NULL,4,1
hahnno01,1899,1906,129,2,52,231,1916,381,917,NULL,0
haineje01,1918,1937,209,3,79,388,3460,871,981,2,1
hallabi01,1925,1938,90,2,32,224,1838,779,856,2,0
hamilbi01,1888,1901,2158,40,736,NULL,NULL,NULL,NULL,NULL,1
hamptmi01,1993,2010,178,16,79,355,2370,901,1387,9,0
handsbi01,1965,1975,37,0,19,260,1895,492,1128,NULL,0
hardeme01,1928,1947,199,4,93,433,3706,1118,1160,2,0
hargrbu01,1913,1930,786,29,376,NULL,NULL,NULL,NULL,NULL,0
hargrmi01,1974,1985,1614,80,686,NULL,NULL,NULL,NULL,1,0
harpeto01,1962,1976,1609,146,567,NULL,NULL,NULL,NULL,NULL,0
harrato01,1969,1986,1954,195,918,NULL,NULL,NULL,NULL,1,0
harrebu01,1965,1980,1120,7,267,NULL,NULL,NULL,NULL,2,0
harribu01,1919,1931,1297,9,506,NULL,NULL,NULL,NULL,NULL,0
harrile01,1988,2005,1055,37,369,0,0,0,1,NULL,0
hartnga01,1922,1941,1912,236,1179,NULL,NULL,NULL,NULL,16,1
hattogr01,1946,1960,1068,91,533,NULL,NULL,NULL,NULL,NULL,0
hearnji01,1947,1959,77,9,36,229,1661,655,669,NULL,0
hebneri01,1968,1985,1694,203,890,NULL,NULL,NULL,NULL,NULL,0
heganji01,1941,1960,1087,92,525,NULL,NULL,NULL,NULL,NULL,0
heilmha01,1914,1932,2660,183,1539,NULL,NULL,NULL,NULL,2,1
helmsto01,1964,1977,1342,34,477,NULL,NULL,NULL,NULL,4,0
hemusso01,1949,1959,736,51,263,NULL,NULL,NULL,NULL,NULL,0
hendeda01,1981,1994,1324,197,708,NULL,NULL,NULL,NULL,NULL,0
henderi01,1979,2003,3055,297,1115,NULL,NULL,NULL,NULL,9,1
hendrge01,1971,1988,1980,267,1111,NULL,NULL,NULL,NULL,4,0
henketo01,1982,1995,0,0,0,0,607,255,861,1,0
hennemi01,1987,1996,0,0,0,0,686,271,533,NULL,0
henrito01,1937,1950,1297,183,795,NULL,NULL,NULL,NULL,5,0
hentgpa01,1991,2004,9,0,0,306,2111,775,1290,3,0
hermaba01,1926,1945,1818,181,997,NULL,NULL,NULL,NULL,NULL,0
hermabi01,1931,1947,2345,47,839,NULL,NULL,NULL,NULL,9,1
hernake01,1974,1990,2182,162,1071,NULL,NULL,NULL,NULL,20,0
hernaro01,1991,2007,1,0,0,3,1002,462,945,NULL,0
hernawi01,1977,1989,13,0,3,11,952,349,788,4,0
hershor01,1983,2000,163,0,50,466,2939,1007,2014,10,0
herzobu01,1908,1920,1370,20,445,NULL,NULL,NULL,NULL,2,0
hickmji02,1962,1974,1002,159,560,0,2,0,0,NULL,0
higgibo02,1995,2005,1336,187,709,NULL,NULL,NULL,NULL,NULL,0
higgipi01,1930,1946,1941,140,1075,NULL,NULL,NULL,NULL,5,0
hillejo01,1965,1980,11,0,4,43,1040,535,1036,2,0
hillpe99,NULL,NULL,NULL,NULL,NULL,NULL,NULL,NULL,NULL,NULL,1
hinchbi01,1905,1920,793,20,369,NULL,NULL,NULL,NULL,NULL,0
hislela01,1968,1982,1146,166,674,NULL,NULL,NULL,NULL,2,0
hodgegi01,1943,1963,1921,370,1274,NULL,NULL,NULL,NULL,5,0
hoernjo01,1963,1977,6,1,3,0,519,181,412,NULL,0
hoffmtr01,1993,2010,4,0,5,0,846,307,1133,8,0
holmeto01,1942,1952,1507,88,581,NULL,NULL,NULL,NULL,4,0
holtzke01,1965,1979,99,2,34,410,2787,910,1601,1,0
honeyri01,1977,1997,24,0,9,268,2183,657,1038,NULL,0
hoopeha01,1909,1925,2466,75,817,0,2,1,0,1,1
hootobu01,1971,1985,92,4,49,377,2497,799,1491,1,0
hornebo01,1978,1988,1047,218,685,NULL,NULL,NULL,NULL,1,0
hornsro01,1915,1937,2930,301,1584,NULL,NULL,NULL,NULL,27,1
hortowi01,1963,1980,1993,325,1163,NULL,NULL,NULL,NULL,2,0
houghch01,1970,1994,33,1,13,440,3283,1665,2362,NULL,0
houttar01,1945,1957,99,2,37,181,1646,516,639,1,0
howarel01,1955,1968,1471,167,762,NULL,NULL,NULL,NULL,7,0
howarfr01,1958,1973,1774,382,1119,NULL,NULL,NULL,NULL,4,0
howear01,1974,1985,682,43,293,NULL,NULL,NULL,NULL,NULL,0
howelro02,1974,1984,991,80,454,NULL,NULL,NULL,NULL,NULL,0
hoytwa01,1918,1938,255,0,100,423,4037,1003,1206,3,1
hraboal01,1970,1982,8,0,6,1,619,315,548,1,0
hrbekke01,1981,1994,1749,293,1086,NULL,NULL,NULL,NULL,1,0
hubbeca01,1928,1943,246,4,101,431,3461,725,1677,22,1
huggimi01,1904,1916,1474,9,318,NULL,NULL,NULL,NULL,NULL,0
hundlra01,1964,1977,813,82,381,NULL,NULL,NULL,NULL,1,0
hunteca01,1965,1979,149,6,51,476,2958,954,2012,3,1
huntro01,1963,1974,1429,39,370,NULL,NULL,NULL,NULL,1,0
hurstbr01,1980,1994,31,0,8,359,2463,740,1689,NULL,0
hutchfr01,1939,1953,171,4,83,169,1487,388,591,NULL,0
irvinmo01,1949,1956,731,99,443,NULL,NULL,NULL,NULL,NULL,1
irwinch01,1893,1902,981,16,488,NULL,NULL,NULL,NULL,NULL,0
jacksda02,1983,1997,54,0,28,324,2110,816,1225,2,0
jacksgr01,1965,1982,32,2,17,83,1272,511,889,NULL,0
jacksjo01,1908,1920,1772,54,785,NULL,NULL,NULL,NULL,11,0
jacksmi02,1986,2004,5,0,1,7,983,464,1006,NULL,0
jacksre01,1967,1987,2584,563,1702,NULL,NULL,NULL,NULL,13,1
jacksso01,1963,1974,767,7,162,NULL,NULL,NULL,NULL,NULL,0
jackstr01,1922,1936,1768,135,929,NULL,NULL,NULL,NULL,12,1
jeffegr01,1987,2000,1593,126,663,NULL,NULL,NULL,NULL,NULL,0
jenkife01,1965,1983,148,13,85,594,4142,997,3192,5,1
jennihu01,1891,1918,1527,18,840,NULL,NULL,NULL,NULL,NULL,1
jenseja01,1950,1961,1463,199,929,NULL,NULL,NULL,NULL,3,0
johnsal01,1964,1976,1331,78,525,NULL,NULL,NULL,NULL,NULL,0
johnsbo01,1933,1945,2051,288,1283,NULL,NULL,NULL,NULL,1,0
johnsch04,1994,2005,940,167,570,NULL,NULL,NULL,NULL,4,0
johnsda02,1965,1978,1252,136,609,NULL,NULL,NULL,NULL,5,0
johnsde01,1960,1976,1447,245,923,NULL,NULL,NULL,NULL,1,0
johnsho01,1982,1995,1229,228,760,NULL,NULL,NULL,NULL,3,0
johnsju99,NULL,NULL,NULL,NULL,NULL,NULL,NULL,NULL,NULL,NULL,1
johnsra05,1988,2009,78,1,40,603,3346,1497,4875,13,1
johnswa01,1907,1927,547,24,255,666,4913,1363,3509,33,1
johnto01,1963,1989,141,5,54,700,4783,1259,2245,3,0
jonescl01,1963,1976,1196,93,524,NULL,NULL,NULL,NULL,1,0
jonesdo01,1982,2000,1,0,0,4,1155,247,909,1,0
jonesfi01,1896,1915,1920,21,631,NULL,NULL,NULL,NULL,NULL,0
jonesja05,2003,2003,23,3,11,NULL,NULL,NULL,NULL,NULL,0
jonesra01,1973,1982,79,0,20,285,1915,503,735,4,0
jonessa01,1914,1935,245,6,99,487,4084,1396,1223,NULL,0
jonesto02,1993,2008,4,0,0,1,1072,443,868,2,0
jordabr01,1992,2006,1454,184,821,NULL,NULL,NULL,NULL,NULL,0
jordati01,1901,1910,474,32,232,NULL,NULL,NULL,NULL,NULL,0
jorgemi01,1968,1985,833,95,426,NULL,NULL,NULL,NULL,1,0
jossad01,1902,1910,118,1,51,260,1888,364,920,1,1
joynewa01,1986,2001,2060,204,1106,NULL,NULL,NULL,NULL,NULL,0
judgejo01,1915,1934,2352,71,1034,NULL,NULL,NULL,NULL,1,0
jurgebi01,1931,1947,1613,43,656,NULL,NULL,NULL,NULL,1,0
justida01,1989,2002,1571,305,1017,NULL,NULL,NULL,NULL,6,0
kaatji01,1959,1983,232,16,106,625,4620,1083,2461,19,0
kalinal01,1953,1974,3007,399,1583,NULL,NULL,NULL,NULL,20,1
kammwi01,1923,1935,1643,29,826,NULL,NULL,NULL,NULL,4,0
karroer01,1991,2004,1724,284,1027,NULL,NULL,NULL,NULL,3,0
keefeti01,1880,1893,390,12,134,594,4439,1220,2562,1,1
keelewi01,1892,1910,2932,33,810,NULL,NULL,NULL,NULL,NULL,1
kellech01,1939,1952,1085,189,760,NULL,NULL,NULL,NULL,3,0
kellejo01,1891,1908,2220,65,1194,NULL,NULL,NULL,NULL,NULL,1
kellge01,1943,1957,2054,78,870,NULL,NULL,NULL,NULL,13,1
kellyge01,1915,1932,1778,148,1020,0,4,1,2,5,1
kellyki01,1878,1893,1813,69,950,0,63,30,4,NULL,1
keltnke01,1937,1950,1570,163,852,NULL,NULL,NULL,NULL,3,0
kendaja01,1996,2010,2195,75,744,NULL,NULL,NULL,NULL,NULL,0
kennejo03,1962,1974,475,32,185,NULL,NULL,NULL,NULL,NULL,0
kennete02,1978,1991,1313,113,628,NULL,NULL,NULL,NULL,1,0
kentje01,1992,2008,2461,377,1518,NULL,NULL,NULL,NULL,8,0
kerrdi01,1919,1925,60,0,21,84,876,250,235,NULL,0
kessido01,1964,1979,1931,14,527,NULL,NULL,NULL,NULL,6,0
keyji01,1984,1998,0,0,0,389,2518,668,1538,5,0
kileda01,1991,2002,87,2,40,331,2135,918,1668,NULL,0
killebi01,1909,1921,751,4,240,NULL,NULL,NULL,NULL,4,0
killeha01,1954,1975,2086,573,1584,NULL,NULL,NULL,NULL,8,1
kilroma01,1886,1898,236,1,103,292,2445,754,1170,NULL,0
kindeel01,1946,1957,63,1,33,122,1421,539,749,2,0
kinerra01,1946,1955,1451,369,1015,NULL,NULL,NULL,NULL,10,1
kingmda01,1971,1986,1575,442,1210,0,3,6,4,2,0
kisonbr01,1971,1985,66,3,31,246,1693,662,1073,NULL,0
kleinch01,1928,1944,2076,300,1201,NULL,NULL,NULL,NULL,11,1
kleskry01,1992,2007,1564,278,987,NULL,NULL,NULL,NULL,NULL,0
klingjo01,1900,1913,1151,20,513,NULL,NULL,NULL,NULL,4,0
kluszte01,1947,1961,1766,279,1028,NULL,NULL,NULL,NULL,3,0
knabeot01,1905,1916,1103,8,365,NULL,NULL,NULL,NULL,NULL,0
kneppbo01,1976,1990,115,6,59,413,2737,857,1473,NULL,0
knighra01,1974,1988,1311,84,595,NULL,NULL,NULL,NULL,3,0
knoblch01,1991,2002,1839,98,615,NULL,NULL,NULL,NULL,6,0
knowlda01,1965,1980,15,0,11,8,1006,480,681,NULL,0
koosmje01,1967,1985,109,2,46,527,3635,1198,2556,NULL,0
koscoan01,1965,1974,464,73,267,NULL,NULL,NULL,NULL,NULL,0
koufasa01,1955,1966,75,2,28,314,1754,817,2396,22,1
kraneed01,1962,1979,1418,118,614,NULL,NULL,NULL,NULL,NULL,0
krausle02,1961,1974,47,6,24,167,1205,493,721,NULL,0
kremera01,1924,1933,122,5,69,247,2108,483,516,3,0
kressre01,1927,1946,1454,89,799,0,13,6,6,1,0
krukjo01,1986,1995,1170,100,592,NULL,NULL,NULL,NULL,NULL,0
krukomi01,1976,1989,139,5,54,355,2188,767,1478,NULL,0
kuennha01,1952,1966,2092,87,671,NULL,NULL,NULL,NULL,2,0
kuheljo01,1930,1947,2212,131,1049,NULL,NULL,NULL,NULL,NULL,0
kuzavbo01,1946,1957,22,1,10,99,849,415,446,NULL,0
lajoina01,1896,1916,3242,83,1599,NULL,NULL,NULL,NULL,5,1
langebi01,1893,1899,1055,39,578,NULL,NULL,NULL,NULL,NULL,0
langsma01,1984,1999,14,0,5,428,2723,1289,2464,7,0
lanieha01,1964,1973,843,8,273,NULL,NULL,NULL,NULL,NULL,0
lankfra01,1990,2004,1561,238,874,NULL,NULL,NULL,NULL,NULL,0
lansfca01,1978,1992,2074,151,874,NULL,NULL,NULL,NULL,3,0
larkiba01,1986,2004,2340,198,960,NULL,NULL,NULL,NULL,24,1
larsedo01,1953,1967,144,14,72,171,1442,725,849,2,0
lathaar01,1880,1909,1833,27,563,NULL,NULL,NULL,NULL,NULL,0
lavagco01,1934,1947,945,40,486,NULL,NULL,NULL,NULL,1,0
lawve01,1950,1967,191,11,90,364,2833,597,1092,4,0
lazzeto01,1926,1939,1840,178,1191,NULL,NULL,NULL,NULL,4,1
leachfr01,1923,1932,1147,72,509,NULL,NULL,NULL,NULL,NULL,0
leachto01,1898,1918,2143,63,810,NULL,NULL,NULL,NULL,3,0
leebi03,1969,1982,41,2,10,225,2122,531,713,NULL,0
leede02,1997,2011,1959,331,1078,NULL,NULL,NULL,NULL,4,0
leevesa01,1898,1910,183,2,78,299,2449,587,847,NULL,0
leibrch01,1979,1993,32,0,14,346,2390,656,1121,NULL,0
leiteal01,1987,2005,45,0,16,382,2152,1163,1974,3,0
lemonbo01,1941,1958,274,37,147,350,2559,1251,1277,9,1
lemonch01,1975,1990,1875,215,884,NULL,NULL,NULL,NULL,NULL,0
leonabu99,NULL,NULL,NULL,NULL,NULL,NULL,NULL,NULL,NULL,NULL,1
leonade01,1974,1986,0,0,0,302,2137,622,1323,1,0
leonadu02,1933,1953,177,0,69,374,3304,737,1170,2,0
leonaje01,1977,1990,1342,144,723,NULL,NULL,NULL,NULL,1,0
lewisdu01,1910,1921,1518,38,793,0,3,0,1,NULL,0
lindsfr01,1924,1936,1747,103,779,NULL,NULL,NULL,NULL,4,1
linzyfr01,1963,1974,18,1,3,2,790,282,358,NULL,0
lloydpo99,NULL,NULL,NULL,NULL,NULL,NULL,NULL,NULL,NULL,NULL,1
loberha01,1903,1917,1252,32,482,NULL,NULL,NULL,NULL,2,0
lockebo01,1959,1968,25,1,12,23,432,165,194,NULL,0
lockmwh01,1945,1960,1658,114,563,NULL,NULL,NULL,NULL,NULL,0
loducpa01,1998,2008,1112,80,481,NULL,NULL,NULL,NULL,1,0
loftoke01,1991,2007,2428,130,781,NULL,NULL,NULL,NULL,4,0
lolicmi01,1963,1979,90,0,31,496,3366,1099,2832,2,0
lombaer01,1931,1947,1792,190,990,NULL,NULL,NULL,NULL,4,1
lonboji01,1965,1979,105,3,43,368,2400,823,1475,3,0
longhe01,1889,1904,2127,91,1055,NULL,NULL,NULL,NULL,NULL,0
lopated01,1944,1955,187,5,77,318,2464,650,859,NULL,0
lopesda01,1972,1987,1671,155,614,NULL,NULL,NULL,NULL,3,0
lopezal01,1928,1947,1547,51,652,NULL,NULL,NULL,NULL,3,0
lopezja01,1992,2006,1527,260,864,NULL,NULL,NULL,NULL,3,0
lowebo01,1890,1907,1929,71,984,0,3,1,0,NULL,0
lowelmi01,1998,2010,1619,223,952,NULL,NULL,NULL,NULL,3,0
lowenjo01,1970,1985,881,116,441,NULL,NULL,NULL,NULL,NULL,0
lucasre01,1923,1938,404,3,190,301,2736,455,602,2,0
luquedo01,1914,1935,237,5,90,365,3231,918,1130,2,0
luzingr01,1970,1984,1795,307,1128,NULL,NULL,NULL,NULL,4,0
lylesp01,1967,1982,15,0,4,0,1292,481,873,2,0
lynnfr01,1974,1990,1960,306,1111,NULL,NULL,NULL,NULL,12,0
lyonste01,1923,1946,364,5,149,484,4489,1121,1073,8,1
mackco01,1886,1896,659,5,265,NULL,NULL,NULL,NULL,NULL,0
mackebi99,NULL,NULL,NULL,NULL,NULL,NULL,NULL,NULL,NULL,NULL,1
maddoga01,1972,1986,1802,117,754,NULL,NULL,NULL,NULL,9,0
maddugr01,1986,2008,272,5,84,740,4726,999,3371,31,1
madlobi01,1973,1987,2008,163,860,NULL,NULL,NULL,NULL,2,0
mageesh01,1904,1919,2169,83,1176,NULL,NULL,NULL,NULL,4,0
maglisa01,1945,1958,76,2,29,232,1591,562,862,1,0
malonji01,1960,1971,126,7,53,262,1518,810,1605,NULL,0
mancugu01,1928,1945,1194,53,543,NULL,NULL,NULL,NULL,NULL,0
mantlmi01,1951,1968,2415,536,1509,NULL,NULL,NULL,NULL,15,1
manushe01,1923,1939,2524,110,1183,NULL,NULL,NULL,NULL,5,1
maranra01,1912,1935,2605,28,884,NULL,NULL,NULL,NULL,7,1
marbefi01,1923,1936,128,1,65,187,2049,686,822,NULL,0
maricju01,1960,1975,202,4,75,457,3153,709,2303,5,1
marioma01,1940,1953,1448,36,624,NULL,NULL,NULL,NULL,12,0
marisro01,1957,1968,1325,275,851,NULL,NULL,NULL,NULL,8,0
marquru01,1908,1925,198,1,64,403,3233,858,1593,1,1
marshmi01,1967,1981,35,1,16,24,1281,514,880,5,0
martibi02,1950,1961,877,64,333,NULL,NULL,NULL,NULL,1,0
martide01,1976,1998,74,0,33,562,3897,1165,2149,NULL,0
martied01,1987,2004,2247,309,1261,NULL,NULL,NULL,NULL,10,0
martimo01,1949,1959,28,0,7,42,607,249,245,NULL,0
martipe01,1928,1944,1227,59,501,0,2,2,0,3,0
martipe02,1992,2009,43,0,18,409,2221,760,3154,12,1
martiti02,1990,2005,1925,339,1271,NULL,NULL,NULL,NULL,2,0
mathech01,1900,1916,362,7,165,551,4218,844,2502,15,1
matheed01,1952,1968,2315,512,1453,NULL,NULL,NULL,NULL,4,1
matlajo01,1971,1983,57,0,23,318,2276,638,1516,2,0
matthga01,1972,1987,2011,234,978,NULL,NULL,NULL,NULL,2,0
mattido01,1982,1995,2153,222,1099,NULL,NULL,NULL,NULL,22,0
maxvida01,1962,1975,748,6,252,NULL,NULL,NULL,NULL,1,0
maybejo01,1968,1982,1379,255,879,NULL,NULL,NULL,NULL,2,0
mayca01,1968,1977,1127,90,536,NULL,NULL,NULL,NULL,NULL,0
mayje01,1964,1973,357,15,130,NULL,NULL,NULL,NULL,NULL,0
mayle01,1965,1982,2031,354,1244,NULL,NULL,NULL,NULL,1,0
mayru01,1965,1983,42,0,14,360,2314,958,1760,NULL,0
maysca01,1915,1929,291,5,110,325,2912,734,862,3,0
mayswi01,1951,1973,3283,660,1903,NULL,NULL,NULL,NULL,32,1
mazerbi01,1956,1972,2016,138,853,NULL,NULL,NULL,NULL,13,1
mcaleji01,1889,1907,1007,12,469,0,2,3,0,NULL,0
mcauldi01,1960,1975,1530,197,697,NULL,NULL,NULL,NULL,NULL,0
mcbriba01,1973,1983,1153,63,430,NULL,NULL,NULL,NULL,1,0
mccarti01,1959,1980,1501,97,645,NULL,NULL,NULL,NULL,1,0
mccarto01,1884,1896,1496,44,735,6,83,26,21,NULL,1
mccorfr01,1934,1948,1711,128,951,NULL,NULL,NULL,NULL,6,0
mccovwi01,1959,1980,2211,521,1555,NULL,NULL,NULL,NULL,10,1
mcdanli01,1955,1975,56,3,17,74,2099,623,1361,2,0
mcdougi01,1951,1960,1291,112,576,NULL,NULL,NULL,NULL,3,0
mcdowja01,1987,1999,0,0,0,275,1854,606,1311,4,0
mcdowsa01,1961,1975,119,2,36,346,1948,1312,2453,2,0
mcgeewi01,1982,1999,2254,79,856,NULL,NULL,NULL,NULL,7,0
mcginjo01,1899,1908,251,0,90,381,3276,812,1068,NULL,1
mcgloly01,1972,1982,79,0,25,201,1553,572,939,NULL,0
mcgrajo01,1891,1907,1309,13,462,NULL,NULL,NULL,NULL,NULL,0
mcgratu01,1965,1984,39,1,18,39,1318,582,1109,1,0
mcgresc01,1976,1988,0,0,0,309,2245,518,904,NULL,0
mcgrifr01,1986,2004,2490,493,1550,NULL,NULL,NULL,NULL,7,0
mcgwima01,1986,2001,1626,583,1414,NULL,NULL,NULL,NULL,9,0
mcinnst01,1909,1927,2405,20,1063,NULL,NULL,NULL,NULL,5,0
mckecbi01,1907,1920,713,8,240,NULL,NULL,NULL,NULL,NULL,0
mclaide01,1963,1972,82,1,31,264,1646,548,1282,8,0
mcleala01,1901,1915,694,6,298,NULL,NULL,NULL,NULL,NULL,0
mcmahdo02,1957,1974,23,0,9,2,1054,579,1003,NULL,0
mcmanma01,1920,1934,1926,120,999,NULL,NULL,NULL,NULL,NULL,0
mcmilro01,1951,1966,1639,68,594,NULL,NULL,NULL,NULL,3,0
mcmulke01,1962,1977,1273,156,606,NULL,NULL,NULL,NULL,NULL,0
mcnalda01,1962,1975,97,9,43,396,2488,826,1512,1,0
mcphebi01,1882,1899,2250,53,1067,NULL,NULL,NULL,NULL,NULL,1
mcraeha01,1968,1987,2091,191,1097,NULL,NULL,NULL,NULL,4,0
mcveyca01,1871,1879,869,11,448,19,235,16,49,NULL,0
meadole01,1915,1929,201,5,75,406,3280,956,1063,NULL,0
medicdo01,1972,1982,5,0,1,287,2036,624,955,NULL,0
medwijo01,1932,1948,2471,205,1383,NULL,NULL,NULL,NULL,22,1
meltobi01,1968,1977,1004,160,591,NULL,NULL,NULL,NULL,NULL,0
mendejo99,NULL,NULL,NULL,NULL,NULL,NULL,NULL,NULL,NULL,NULL,1
menkede01,1962,1974,1270,101,606,NULL,NULL,NULL,NULL,NULL,0
mesajo01,1987,2007,0,0,0,95,1629,651,1038,2,0
messean01,1968,1979,124,5,54,295,1719,831,1625,3,0
meusebo01,1920,1930,1693,156,1068,NULL,NULL,NULL,NULL,NULL,0
miksied01,1944,1958,722,44,228,NULL,NULL,NULL,NULL,NULL,0
milancl01,1907,1922,2100,17,617,NULL,NULL,NULL,NULL,NULL,0
millafe01,1966,1977,1617,22,403,NULL,NULL,NULL,NULL,2,0
millebi02,1921,1936,1934,116,992,NULL,NULL,NULL,NULL,NULL,0
millebo04,1957,1974,33,0,8,99,1487,608,895,NULL,0
milledo02,1909,1921,1526,32,715,NULL,NULL,NULL,NULL,NULL,0
milleha01,1916,1925,387,38,205,NULL,NULL,NULL,NULL,NULL,0
milleno01,1965,1974,325,24,159,NULL,NULL,NULL,NULL,NULL,0
milnejo01,1971,1982,855,131,498,NULL,NULL,NULL,NULL,NULL,0
minosmi01,1949,1980,1963,186,1023,NULL,NULL,NULL,NULL,5,0
mitchke01,1984,1998,1173,234,760,NULL,NULL,NULL,NULL,5,0
mizejo01,1936,1953,2011,359,1337,NULL,NULL,NULL,NULL,13,1
molitpa01,1978,1998,3319,234,1307,NULL,NULL,NULL,NULL,13,1
mondari01,1966,1984,1619,241,775,NULL,NULL,NULL,NULL,NULL,0
mondera01,1993,2005,1589,271,860,NULL,NULL,NULL,NULL,3,0
moneydo01,1968,1983,1623,176,729,NULL,NULL,NULL,NULL,NULL,0
montawi01,1966,1982,1604,139,802,NULL,NULL,NULL,NULL,1,0
montgje01,1987,1999,0,0,0,1,785,296,733,2,0
moonwa01,1954,1965,1399,142,661,NULL,NULL,NULL,NULL,2,0
moorejo02,1930,1941,1615,79,513,NULL,NULL,NULL,NULL,1,0
moorete01,1935,1948,1318,80,513,0,0,0,1,NULL,0
moraljo01,1973,1984,375,26,207,NULL,NULL,NULL,NULL,NULL,0
morame01,1999,2011,1503,171,754,NULL,NULL,NULL,NULL,2,0
moranpa01,1901,1914,618,18,262,NULL,NULL,NULL,NULL,NULL,0
morgajo02,1963,1984,2517,268,1133,NULL,NULL,NULL,NULL,17,1
morriha02,1988,2000,1216,76,513,NULL,NULL,NULL,NULL,NULL,0
morrija02,1977,1994,0,0,0,527,3567,1390,2478,5,0
moseswa01,1935,1951,2138,89,679,NULL,NULL,NULL,NULL,2,0
mostijo01,1918,1929,1054,23,376,NULL,NULL,NULL,NULL,3,0
motama01,1962,1982,1149,31,438,NULL,NULL,NULL,NULL,NULL,0
muellbi02,1996,2006,1229,85,493,NULL,NULL,NULL,NULL,2,0
mulcahu01,1935,1947,64,0,21,143,1271,487,314,NULL,0
mulhote01,1986,2006,69,2,23,332,2833,681,1325,NULL,0
mungova01,1931,1945,174,0,74,259,1957,868,1242,NULL,0
munsoth01,1969,1979,1558,113,701,NULL,NULL,NULL,NULL,10,0
murcebo01,1965,1983,1862,252,1043,NULL,NULL,NULL,NULL,4,0
murphda02,1900,1915,1563,44,702,NULL,NULL,NULL,NULL,NULL,0
murphda05,1976,1993,2111,398,1266,NULL,NULL,NULL,NULL,19,0
murraed02,1977,1997,3255,504,1917,NULL,NULL,NULL,NULL,9,1
murrare01,1906,1917,1170,37,579,NULL,NULL,NULL,NULL,NULL,0
murreiv01,1963,1974,308,33,123,NULL,NULL,NULL,NULL,NULL,0
musiast01,1941,1963,3630,475,1951,0,0,0,0,34,1
mussimi01,1991,2008,9,0,5,536,3460,785,2813,8,0
myerbu01,1925,1941,2131,38,850,NULL,NULL,NULL,NULL,NULL,0
myersra01,1985,1998,11,0,7,12,758,396,884,5,0
nehfar01,1915,1929,192,8,76,319,2715,640,844,1,0
nenro01,1993,2002,1,0,0,4,607,260,793,1,0
nettlgr01,1967,1988,2225,390,1314,NULL,NULL,NULL,NULL,6,0
nevinph01,1995,2006,1131,208,743,NULL,NULL,NULL,NULL,NULL,0
newcodo01,1949,1960,238,15,108,294,2102,490,1129,7,0
newhoha01,1939,1955,201,2,81,374,2674,1249,1796,19,1
newsobo01,1929,1953,253,1,102,483,3769,1732,2082,3,0
nichobi01,1936,1953,1484,235,948,NULL,NULL,NULL,NULL,7,0
nichoki01,1890,1906,471,16,278,561,4912,1268,1868,NULL,1
niekrjo01,1967,1988,152,1,72,500,3466,1262,1747,2,0
niekrph01,1964,1987,260,7,109,716,5044,1809,3342,7,1
nixonot01,1983,1999,1379,11,318,NULL,NULL,NULL,NULL,NULL,0
nolanga01,1967,1977,73,1,32,247,1505,413,1039,1,0
nomohi01,1995,2008,65,4,26,318,1768,908,1918,1,0
northji01,1964,1975,1254,153,610,NULL,NULL,NULL,NULL,NULL,0
northro01,1942,1957,874,108,513,NULL,NULL,NULL,NULL,NULL,0
odoulle01,1919,1934,1140,113,542,1,104,49,19,4,0
oeschjo01,1914,1925,99,0,41,197,1936,651,535,NULL,0
ofarrbo01,1915,1935,1120,51,549,NULL,NULL,NULL,NULL,4,0
oglivbe01,1971,1986,1615,235,901,NULL,NULL,NULL,NULL,2,0
olearch01,1904,1934,731,3,213,NULL,NULL,NULL,NULL,NULL,0
olerujo01,1989,2005,2239,255,1230,NULL,NULL,NULL,NULL,4,0
olivato01,1962,1976,1917,220,947,NULL,NULL,NULL,NULL,9,0
oliveal01,1968,1985,2743,219,1326,NULL,NULL,NULL,NULL,5,0
oneilpa01,1985,2001,2105,281,1269,0,2,4,2,NULL,0
oneilst01,1911,1928,1259,13,537,NULL,NULL,NULL,NULL,9,0
ordonma01,1997,2011,2156,294,1236,NULL,NULL,NULL,NULL,6,0
oroscje01,1979,2003,10,0,4,4,1055,581,1179,NULL,0
orourji01,1872,1904,2643,62,1203,0,17,2,4,NULL,1
osteecl01,1957,1975,207,8,76,488,3471,940,1612,NULL,0
otisam01,1967,1984,2020,193,1007,NULL,NULL,NULL,NULL,4,0
ottme01,1926,1947,2876,511,1860,NULL,NULL,NULL,NULL,11,1
paborch01,1871,1875,204,0,81,4,81,10,0,NULL,0
pafkoan01,1943,1959,1796,213,976,NULL,NULL,NULL,NULL,5,0
paganjo01,1959,1973,922,52,372,NULL,NULL,NULL,NULL,NULL,0
paigesa01,1948,1965,12,0,4,26,429,180,288,NULL,1
palmeji01,1965,1984,85,3,41,521,3349,1311,2212,15,1
palmera01,1986,2005,3020,569,1835,NULL,NULL,NULL,NULL,8,0
pappami01,1957,1973,132,20,67,465,3046,858,1728,NULL,0
parkeda01,1973,1991,2712,339,1493,NULL,NULL,NULL,NULL,15,0
parrila01,1974,1988,1789,256,992,NULL,NULL,NULL,NULL,NULL,0
parrila02,1977,1995,1782,324,1070,NULL,NULL,NULL,NULL,11,0
pascuca02,1954,1971,198,5,81,404,2703,1069,2167,NULL,0
paskedo01,1907,1921,1613,42,577,NULL,NULL,NULL,NULL,1,0
pearsmo01,1932,1941,117,2,62,191,1392,740,703,NULL,0
peckiro01,1910,1927,1876,48,740,NULL,NULL,NULL,NULL,4,0
peitzhe01,1892,1913,1117,16,560,1,22,7,3,NULL,0
penato01,1980,1997,1687,107,708,NULL,NULL,NULL,NULL,5,0
pendlte01,1984,1998,1897,140,946,NULL,NULL,NULL,NULL,5,0
pennohe01,1912,1934,232,4,103,420,3900,916,1227,5,1
pepitjo01,1962,1973,1315,219,721,NULL,NULL,NULL,NULL,4,0
percitr01,1995,2009,0,0,0,1,479,306,781,NULL,0
perduhu01,1911,1915,42,0,10,122,1037,199,317,NULL,0
perezto01,1964,1986,2732,379,1652,NULL,NULL,NULL,NULL,4,1
perkicy01,1915,1934,933,30,409,NULL,NULL,NULL,NULL,1,0
perraro01,1961,1973,16,0,3,1,1097,468,687,2,0
perryga01,1962,1983,141,6,47,690,4938,1379,3534,4,1
perryji01,1959,1975,177,5,59,447,3127,998,1576,2,0
peskyjo01,1942,1954,1455,17,404,NULL,NULL,NULL,NULL,2,0
petrori01,1963,1976,1352,210,773,NULL,NULL,NULL,NULL,1,0
phillde01,1899,1911,185,3,90,288,2518,363,929,NULL,0
phillto02,1982,1999,2023,160,819,NULL,NULL,NULL,NULL,NULL,0
piazzmi01,1992,2007,2127,427,1335,NULL,NULL,NULL,NULL,22,1
piercbi02,1945,1964,203,0,69,432,2989,1178,1999,4,0
pikeli01,1871,1887,637,20,332,NULL,NULL,NULL,NULL,NULL,0
pinielo01,1964,1984,1705,102,766,NULL,NULL,NULL,NULL,1,0
pinsova01,1958,1975,2757,256,1170,NULL,NULL,NULL,NULL,1,0
pippwa01,1913,1928,1941,90,998,NULL,NULL,NULL,NULL,1,0
pizarju01,1957,1974,133,8,66,245,1807,888,1522,NULL,0
planked01,1901,1917,331,3,122,529,3958,1072,2246,4,1
plesada01,1986,2003,1,0,0,14,977,402,1041,NULL,0
podrejo01,1953,1969,145,2,50,340,2239,743,1435,2,0
portebo01,1948,1959,95,6,43,193,1571,552,572,2,0
porteda02,1971,1987,1369,188,826,NULL,NULL,NULL,NULL,3,0
posadjo01,1995,2011,1664,275,1065,NULL,NULL,NULL,NULL,10,0
powelbo01,1961,1977,1776,339,1187,NULL,NULL,NULL,NULL,5,0
powervi01,1954,1965,1716,126,658,NULL,NULL,NULL,NULL,7,0
pruethu01,1922,1932,36,0,12,69,816,396,357,NULL,0
puckeki01,1984,1995,2304,207,1085,NULL,NULL,NULL,NULL,22,1
puhlte01,1977,1991,1361,62,435,NULL,NULL,NULL,NULL,NULL,0
quinnja01,1909,1933,248,8,113,444,4238,860,1329,NULL,0
quiseda01,1979,1990,1,0,1,0,1064,162,379,10,0
radboch01,1880,1891,585,9,259,503,4335,875,1830,1,1
raderdo02,1967,1977,1302,155,722,NULL,NULL,NULL,NULL,5,0
radkebr01,1995,2006,3,0,0,377,2643,445,1467,NULL,0
raineti01,1979,2002,2605,170,980,NULL,NULL,NULL,NULL,4,1
ramirma02,1993,2011,2574,555,1831,NULL,NULL,NULL,NULL,19,0
ramospe01,1955,1970,109,15,56,268,2364,724,1305,NULL,0
randowi01,1975,1992,2210,54,687,NULL,NULL,NULL,NULL,4,0
raschvi01,1946,1955,112,1,50,255,1666,727,944,6,0
rayji01,1965,1974,16,0,6,20,541,271,407,NULL,0
rayjo01,1981,1990,1502,53,594,NULL,NULL,NULL,NULL,2,0
raymobu01,1904,1911,42,0,14,96,724,282,401,NULL,0
reardje01,1979,1994,5,0,2,0,1000,358,877,3,0
reesepe01,1940,1958,2170,126,885,NULL,NULL,NULL,NULL,5,1
reeseri01,1964,1973,512,52,245,NULL,NULL,NULL,NULL,NULL,0
reichri01,1964,1974,864,116,445,NULL,NULL,NULL,NULL,NULL,0
reisepe01,1940,1952,786,58,368,NULL,NULL,NULL,NULL,3,0
remseja01,1872,1884,574,8,199,NULL,NULL,NULL,NULL,NULL,0
remyje01,1975,1984,1226,7,329,NULL,NULL,NULL,NULL,NULL,0
renteed01,1996,2011,2327,140,923,NULL,NULL,NULL,NULL,10,0
reuscri01,1972,1991,187,4,79,529,3588,935,2015,4,0
reussje01,1969,1990,171,1,58,547,3734,1127,1907,NULL,0
reynoal01,1942,1954,140,1,79,309,2193,1261,1423,3,0
reynosh01,1992,2004,77,5,43,278,1935,419,1403,NULL,0
rhodear01,1991,2011,1,0,0,61,1033,516,1152,NULL,0
rhoderi01,1974,1989,181,9,75,380,2606,801,1419,3,0
ricede01,1945,1961,908,79,441,NULL,NULL,NULL,NULL,NULL,0
riceji01,1974,1989,2452,382,1451,NULL,NULL,NULL,NULL,10,1
ricesa01,1915,1934,2987,34,1078,3,31,19,12,1,1
richabo01,1955,1966,1432,34,390,NULL,NULL,NULL,NULL,13,0
richaha01,1879,1892,1688,70,822,0,16,13,6,NULL,0
richajr01,1971,1980,93,10,50,221,1227,770,1493,NULL,0
richepe01,1962,1974,43,1,15,122,959,424,925,NULL,0
richmle01,1879,1886,262,3,113,179,1763,269,552,NULL,0
righeda01,1979,1995,2,0,1,89,1287,591,1112,5,0
rijojo01,1984,2002,85,2,29,269,1710,663,1606,2,0
ringji01,1917,1928,120,4,57,294,2545,953,835,NULL,0
ripkeca01,1981,2001,3184,431,1695,NULL,NULL,NULL,NULL,29,1
ritchcl01,1897,1909,1618,18,673,NULL,NULL,NULL,NULL,NULL,0
rivermi01,1970,1984,1660,61,499,NULL,NULL,NULL,NULL,1,0
rixeyep01,1912,1933,291,3,111,552,4633,1082,1350,4,1
rizzuph01,1941,1956,1588,38,563,NULL,NULL,NULL,NULL,10,1
roberda01,1912,1922,812,47,364,NULL,NULL,NULL,NULL,1,0
roberro01,1948,1966,255,5,103,609,4582,902,2357,8,1
robinbi02,1966,1983,1127,166,641,NULL,NULL,NULL,NULL,NULL,0
robinbr01,1955,1977,2848,268,1357,NULL,NULL,NULL,NULL,32,1
robinfr02,1956,1976,2943,586,1812,NULL,NULL,NULL,NULL,15,1
robinja02,1947,1956,1518,137,734,NULL,NULL,NULL,NULL,10,1
robinwi01,1886,1902,1388,18,722,NULL,NULL,NULL,NULL,NULL,0
rodriiv01,1991,2011,2844,311,1332,NULL,NULL,NULL,NULL,29,1
roepr01,1938,1954,68,1,28,261,1907,504,956,2,0
roganbu99,NULL,NULL,NULL,NULL,NULL,NULL,NULL,NULL,NULL,NULL,1
rogerke01,1989,2008,9,0,4,474,3457,1175,1968,5,0
rogerst01,1973,1985,122,0,39,393,2619,876,1621,1,0
rojasco01,1962,1977,1660,54,593,0,1,0,0,1,0
rolfere01,1931,1942,1394,69,497,NULL,NULL,NULL,NULL,7,0
rommeed01,1920,1932,164,1,59,249,2729,724,599,3,0
rootch01,1923,1941,196,11,93,341,3252,889,1459,3,0
rosepe01,1963,1986,4256,160,1314,NULL,NULL,NULL,NULL,16,0
roushed01,1913,1931,2376,68,981,NULL,NULL,NULL,NULL,14,1
rowesc01,1933,1949,239,18,153,278,2332,558,913,3,0
ruckena01,1907,1916,157,1,44,272,2089,701,1217,7,0
rudijo01,1967,1982,1468,179,810,NULL,NULL,NULL,NULL,6,0
rudoldi01,1910,1927,131,2,56,241,1971,402,786,NULL,0
ruelmu01,1915,1934,1242,4,534,NULL,NULL,NULL,NULL,4,0
rueteki01,1993,2005,95,0,40,336,2092,582,818,NULL,0
ruffire01,1924,1947,521,36,273,536,4284,1541,1987,8,1
rusieam01,1889,1901,428,8,176,427,3384,1704,1934,1,1
russebi01,1969,1986,1926,46,627,NULL,NULL,NULL,NULL,1,0
russeje01,1983,1996,11,1,10,79,1065,415,693,2,0
ruthba01,1914,1935,2873,714,2217,148,974,441,488,33,1
ryanmi02,1964,1974,370,28,161,NULL,NULL,NULL,NULL,NULL,0
ryanno01,1966,1993,94,2,36,773,3923,2795,5714,2,1
saberbr01,1984,2001,23,0,1,371,2452,471,1715,9,0
sadecra01,1960,1977,151,5,56,328,2456,922,1614,NULL,0
sainjo01,1942,1955,190,3,101,245,2145,619,910,5,0
salmoti01,1992,2006,1674,299,1016,NULL,NULL,NULL,NULL,5,0
samueju01,1983,1998,1578,161,703,NULL,NULL,NULL,NULL,2,0
sanchfr01,2002,2011,1012,48,371,NULL,NULL,NULL,NULL,NULL,0
sandbry01,1981,1997,2386,282,1061,NULL,NULL,NULL,NULL,25,1
sandere02,1991,2007,1666,305,983,NULL,NULL,NULL,NULL,1,0
sandesc02,1993,1999,25,0,8,88,674,276,632,NULL,0
sanguma01,1967,1980,1500,65,585,NULL,NULL,NULL,NULL,1,0
santibe01,1986,2005,1830,217,920,NULL,NULL,NULL,NULL,12,0
santolo99,NULL,NULL,NULL,NULL,NULL,NULL,NULL,NULL,NULL,NULL,1
santoro01,1960,1974,2254,342,1331,NULL,NULL,NULL,NULL,11,1
sauerha01,1941,1959,1278,288,876,NULL,NULL,NULL,NULL,3,0
saxst01,1981,1994,1949,54,550,NULL,NULL,NULL,NULL,3,0
schaapa01,1964,1974,869,57,323,NULL,NULL,NULL,NULL,NULL,0
schacal01,1919,1921,10,0,4,18,254,61,38,NULL,0
schaege01,1901,1918,972,9,308,0,3,0,0,NULL,0
schalra01,1912,1929,1345,11,594,NULL,NULL,NULL,NULL,5,1
schanwa01,1913,1931,1506,59,710,NULL,NULL,NULL,NULL,3,0
schilcu01,1988,2007,117,0,29,436,2998,711,3116,11,0
schmija01,1995,2009,63,7,21,314,1846,792,1758,2,0
schmimi01,1972,1989,2234,548,1595,NULL,NULL,NULL,NULL,33,1
schoere01,1945,1963,2449,84,773,NULL,NULL,NULL,NULL,2,1
schreos01,1897,1908,829,9,338,NULL,NULL,NULL,NULL,NULL,0
schulfr01,1904,1918,1766,92,792,NULL,NULL,NULL,NULL,4,0
schumha02,1931,1946,181,15,102,329,2424,902,906,1,0
scottev01,1914,1926,1455,20,551,NULL,NULL,NULL,NULL,2,0
scottge02,1966,1979,1992,271,1051,NULL,NULL,NULL,NULL,8,0
scottja01,1916,1929,187,5,73,195,1969,493,657,NULL,0
scottmi03,1979,1991,81,2,45,319,1858,627,1469,5,0
scottto01,1973,1984,699,17,253,NULL,NULL,NULL,NULL,NULL,0
seaveto01,1967,1986,202,12,86,647,3971,1390,3640,10,1
seguida01,1990,2004,1412,139,684,NULL,NULL,NULL,NULL,NULL,0
seguidi01,1962,1977,58,4,24,171,1656,786,1298,NULL,0
seleaa01,1993,2007,9,0,1,352,2413,798,1407,NULL,0
selkige01,1934,1942,810,108,576,NULL,NULL,NULL,NULL,NULL,0
selmadi01,1965,1974,35,0,7,76,734,381,681,NULL,0
severha01,1911,1926,1245,17,539,NULL,NULL,NULL,NULL,NULL,0
seweljo01,1920,1933,2226,49,1055,NULL,NULL,NULL,NULL,8,1
sewellu01,1921,1942,1393,20,696,NULL,NULL,NULL,NULL,NULL,0
sewelri01,1932,1949,152,6,59,243,2101,748,636,3,0
sexsori01,1997,2008,1286,306,943,NULL,NULL,NULL,NULL,NULL,0
seymocy01,1896,1913,1723,52,799,123,951,655,584,NULL,0
shantbo01,1949,1964,107,1,46,171,1795,643,1072,11,0
sheckji01,1897,1913,2084,56,813,NULL,NULL,NULL,NULL,NULL,0
sheffga01,1988,2009,2689,509,1676,NULL,NULL,NULL,NULL,9,0
sherdbi01,1918,1932,214,9,86,272,3018,661,839,1,0
shockur01,1916,1928,167,1,70,317,2709,657,983,4,0
shortch02,1959,1973,88,0,24,308,2215,806,1629,NULL,0
siebeso01,1964,1975,114,12,57,307,1919,692,1512,NULL,0
sierrru01,1986,2006,2152,306,1322,NULL,NULL,NULL,NULL,3,0
sievero01,1949,1965,1703,318,1147,NULL,NULL,NULL,NULL,1,0
simmoal01,1924,1944,2927,307,1827,NULL,NULL,NULL,NULL,23,1
simmocu01,1947,1967,194,1,76,462,3313,1063,1697,NULL,0
simmote01,1968,1988,2472,248,1389,NULL,NULL,NULL,NULL,4,0
simsdu01,1964,1974,580,100,310,NULL,NULL,NULL,NULL,NULL,0
singebi01,1964,1977,45,0,13,308,1952,781,1515,NULL,0
singlke01,1970,1984,2029,246,1065,NULL,NULL,NULL,NULL,2,0
sislege01,1915,1930,2812,102,1175,12,91,52,63,16,1
sistisi01,1939,1954,732,27,260,NULL,NULL,NULL,NULL,NULL,0
slaugen01,1938,1959,2383,169,1304,NULL,NULL,NULL,NULL,12,1
smallro01,1948,1958,601,61,305,NULL,NULL,NULL,NULL,NULL,0
smithea02,1919,1930,686,46,355,NULL,NULL,NULL,NULL,3,0
smithhi99,NULL,NULL,NULL,NULL,NULL,NULL,NULL,NULL,NULL,NULL,1
smithle02,1980,1997,3,1,2,6,1133,486,1251,7,0
smithlo01,1978,1994,1488,98,533,NULL,NULL,NULL,NULL,1,0
smithoz01,1978,1996,2460,28,793,NULL,NULL,NULL,NULL,23,1
smithre06,1966,1982,2020,314,1092,NULL,NULL,NULL,NULL,2,0
smithsh01,1911,1927,165,6,60,224,2234,440,428,NULL,0
smoltjo01,1988,2009,151,5,61,481,3074,1010,3084,10,1
snidedu01,1947,1964,2116,407,1333,NULL,NULL,NULL,NULL,6,1
snowjt01,1992,2008,1509,189,877,NULL,NULL,NULL,NULL,6,0
sosasa01,1989,2007,2408,609,1667,NULL,NULL,NULL,NULL,16,0
sotoma01,1977,1988,70,1,24,224,1395,657,1449,NULL,0
southbi01,1913,1929,1296,52,561,NULL,NULL,NULL,NULL,NULL,0
spahnwa01,1942,1965,363,35,189,665,4830,1434,2583,16,1
spaldal01,1871,1878,613,2,327,327,3271,156,142,NULL,0
sparktu01,1897,1910,91,0,41,269,2231,629,778,NULL,0
speaktr01,1907,1928,3514,117,1529,0,2,0,0,27,1
speiech01,1971,1989,1759,112,720,NULL,NULL,NULL,NULL,1,0
spencji01,1968,1982,1227,146,599,NULL,NULL,NULL,NULL,2,0
splitpa01,1970,1984,22,0,4,392,2644,780,1057,NULL,0
stahlja01,1903,1913,894,31,437,NULL,NULL,NULL,NULL,NULL,0
stahlla01,1964,1973,400,36,163,NULL,NULL,NULL,NULL,NULL,0
stairma01,1992,2011,1366,265,899,NULL,NULL,NULL,NULL,NULL,0
stanked01,1943,1953,1154,29,364,NULL,NULL,NULL,NULL,2,0
stanlmi01,1964,1978,1243,117,500,NULL,NULL,NULL,NULL,4,0
stantmi01,1975,1985,1,0,0,3,398,182,304,NULL,0
stargwi01,1962,1982,2232,475,1540,NULL,NULL,NULL,NULL,12,1
staubru01,1963,1985,2716,292,1466,NULL,NULL,NULL,NULL,1,0
stearjo01,1974,1984,696,46,312,NULL,NULL,NULL,NULL,NULL,0
steartu99,NULL,NULL,NULL,NULL,NULL,NULL,NULL,NULL,NULL,NULL,1
steinha01,1898,1911,1576,27,762,NULL,NULL,NULL,NULL,NULL,0
steinte01,1986,1999,1453,162,745,NULL,NULL,NULL,NULL,1,0
stengca01,1912,1925,1219,60,535,NULL,NULL,NULL,NULL,NULL,0
stephjo03,2002,2002,0,0,0,11,68,22,56,NULL,0
stephri01,1921,1934,1515,63,773,NULL,NULL,NULL,NULL,NULL,0
stewada01,1978,1995,10,0,4,348,2499,1034,1741,6,0
stewaji01,1963,1973,336,8,112,NULL,NULL,NULL,NULL,NULL,0
stiebda01,1979,1998,0,0,0,412,2572,1034,1669,2,0
stonest01,1971,1981,22,0,7,269,1707,716,1065,3,0
stottme01,1964,1974,120,7,57,356,2435,809,1257,1,0
stottto01,1988,2002,50,1,11,339,2200,816,1587,2,0
stoveha01,1880,1893,1771,122,908,0,15,3,7,NULL,0
strawda01,1983,1999,1401,335,1000,NULL,NULL,NULL,NULL,5,0
streega01,1904,1931,312,2,105,NULL,NULL,NULL,NULL,1,0
suhrgu01,1930,1940,1446,84,818,NULL,NULL,NULL,NULL,1,0
sukefcl01,1926,1945,326,2,96,NULL,NULL,NULL,NULL,NULL,0
sullibi03,1899,1916,777,21,378,NULL,NULL,NULL,NULL,2,0
summech01,1974,1984,350,54,218,NULL,NULL,NULL,NULL,NULL,0
sundbji01,1974,1989,1493,95,624,NULL,NULL,NULL,NULL,8,0
surhobj01,1987,2005,2326,188,1153,NULL,NULL,NULL,NULL,NULL,0
sutclri01,1976,1994,102,4,55,392,2662,1081,1679,8,0
suttebr01,1976,1988,9,0,6,0,879,309,861,10,1
suttlmu99,NULL,NULL,NULL,NULL,NULL,NULL,NULL,NULL,NULL,NULL,1
suttodo01,1966,1988,195,0,64,756,4692,1343,3574,3,1
sweenbi02,1907,1914,1004,11,389,NULL,NULL,NULL,NULL,NULL,0
sweenmi01,1995,2010,1540,215,909,NULL,NULL,NULL,NULL,1,0
tananfr01,1973,1993,9,0,5,616,4063,1255,2773,2,0
tanneje01,1894,1911,361,5,141,319,2787,477,940,NULL,0
tartada01,1984,1997,1366,262,925,NULL,NULL,NULL,NULL,NULL,0
taylobe99,NULL,NULL,NULL,NULL,NULL,NULL,NULL,NULL,NULL,NULL,1
tayloto02,1958,1976,2007,75,598,NULL,NULL,NULL,NULL,NULL,0
tebbebi01,1936,1952,1000,38,469,NULL,NULL,NULL,NULL,3,0
tekulke01,1974,1989,10,0,2,0,1305,491,779,NULL,0
templga01,1976,1991,2096,70,728,NULL,NULL,NULL,NULL,5,0
tenacge01,1969,1983,1060,201,674,NULL,NULL,NULL,NULL,2,0
tennefr01,1884,1884,30,0,0,5,37,9,28,NULL,0
tennefr02,1894,1911,2231,22,688,0,5,1,0,1,0
terrybi01,1923,1936,2193,154,1078,NULL,NULL,NULL,NULL,12,1
tettlmi01,1984,1997,1132,245,732,NULL,NULL,NULL,NULL,6,0
tewksbo01,1986,1998,50,0,19,277,2043,292,812,NULL,0
theveto01,1924,1938,1030,2,456,NULL,NULL,NULL,NULL,NULL,0
thomafr04,1990,2008,2468,521,1704,NULL,NULL,NULL,NULL,10,1
thomago01,1973,1986,1051,268,782,NULL,NULL,NULL,NULL,1,0
thomair01,1906,1915,327,3,155,NULL,NULL,NULL,NULL,3,0
thompro01,1986,1996,1187,119,458,NULL,NULL,NULL,NULL,3,0
thompsa01,1885,1906,1979,127,1299,NULL,NULL,NULL,NULL,NULL,1
thomsbo01,1946,1960,1705,264,1026,NULL,NULL,NULL,NULL,NULL,0
thornan01,1973,1987,1342,253,895,NULL,NULL,NULL,NULL,3,0
tiantlu01,1964,1982,84,5,44,484,3075,1104,2416,1,0
tidrodi01,1972,1984,9,0,7,138,1705,579,975,NULL,0
timlimi01,1991,2008,0,0,0,4,1168,377,872,1,0
tinkejo01,1902,1916,1687,31,782,NULL,NULL,NULL,NULL,NULL,1
tobinji01,1937,1945,183,17,102,227,1929,557,498,NULL,0
tolanbo01,1965,1979,1121,86,497,NULL,NULL,NULL,NULL,2,0
toneyfr01,1911,1923,118,3,47,271,2037,583,718,NULL,0
torboje01,1964,1973,297,8,101,NULL,NULL,NULL,NULL,NULL,0
torgeea01,1947,1961,1318,149,740,NULL,NULL,NULL,NULL,NULL,0
torrejo01,1960,1977,2342,252,1185,NULL,NULL,NULL,NULL,9,0
torremi01,1967,1984,64,0,15,458,3043,1371,1404,NULL,0
torricr99,NULL,NULL,NULL,NULL,NULL,NULL,NULL,NULL,NULL,NULL,1
tovarce01,1965,1976,1546,46,435,1,0,1,1,NULL,0
trammal01,1977,1996,2365,185,1003,NULL,NULL,NULL,NULL,11,0
traynpi01,1920,1937,2416,58,1273,NULL,NULL,NULL,NULL,26,1
trillma01,1973,1989,1562,61,571,NULL,NULL,NULL,NULL,9,0
troutdi01,1939,1957,205,20,110,322,2641,1046,1256,3,0
truckvi01,1941,1958,171,2,70,328,2416,1088,1534,NULL,0
tudorjo01,1979,1990,59,0,18,263,1677,475,988,1,0
turneji01,1937,1945,87,1,22,119,1123,283,329,2,0
turnete01,1901,1919,1499,8,528,NULL,NULL,NULL,NULL,NULL,0
uhlege01,1919,1936,393,9,187,368,3417,966,1135,5,0
unserde01,1968,1982,1344,87,481,NULL,NULL,NULL,NULL,NULL,0
valenel01,1975,1985,881,123,474,NULL,NULL,NULL,NULL,1,0
valenfe01,1980,1997,187,10,84,424,2718,1151,2074,9,0
valoel01,1940,1961,1420,58,601,NULL,NULL,NULL,NULL,NULL,0
vanceda01,1915,1935,146,7,75,347,2809,840,2045,11,1
vandejo01,1937,1951,104,1,26,285,1799,1132,1294,6,0
vanhage01,1887,1903,2532,69,1014,68,809,244,281,NULL,0
vanslan01,1983,1995,1562,164,792,NULL,NULL,NULL,NULL,10,0
varitja01,1997,2011,1307,193,757,NULL,NULL,NULL,NULL,3,0
vaughar01,1932,1948,2103,96,926,NULL,NULL,NULL,NULL,14,1
vaughgr01,1989,2003,1475,355,1072,NULL,NULL,NULL,NULL,2,0
vaughmo01,1991,2003,1620,328,1064,NULL,NULL,NULL,NULL,3,0
veachbo01,1912,1925,2063,64,1166,0,2,2,0,NULL,0
vealebo01,1962,1974,72,0,18,255,1684,858,1703,NULL,0
venturo01,1989,2004,1885,294,1182,0,1,0,0,6,0
vernomi01,1939,1960,2495,172,1311,NULL,NULL,NULL,NULL,2,0
violafr01,1982,1996,26,0,6,420,2827,864,1844,6,0
virdobi01,1955,1968,1596,91,502,NULL,NULL,NULL,NULL,2,0
vuckope01,1975,1986,33,0,13,186,1454,545,882,1,0
wadderu01,1897,1910,172,4,83,340,2460,803,2316,2,1
wagnebi02,1995,2010,2,0,1,0,601,300,1196,1,0
wagneho01,1897,1917,3415,101,1732,0,7,6,6,12,1
wakefti01,1992,2011,13,1,4,463,3152,1205,2156,1,0
walberu01,1923,1937,162,4,84,307,2795,1031,1085,1,0
walkedi02,1931,1949,2064,105,1023,NULL,NULL,NULL,NULL,3,0
walkeha01,1940,1955,786,10,214,NULL,NULL,NULL,NULL,NULL,0
walkela01,1989,2005,2160,383,1311,NULL,NULL,NULL,NULL,14,0
walketo04,1996,2007,1316,107,545,NULL,NULL,NULL,NULL,NULL,0
wallabo01,1894,1918,2309,34,1121,48,469,156,120,2,1
wallati01,1980,1996,2085,260,1125,0,3,0,0,7,0
walshed01,1904,1917,210,3,68,315,2346,617,1736,8,1
waltebu01,1931,1950,477,23,234,398,2990,1121,1107,11,0
wambsbi01,1914,1926,1359,7,520,NULL,NULL,NULL,NULL,NULL,0
wanerll01,1927,1945,2459,27,598,NULL,NULL,NULL,NULL,4,1
wanerpa01,1926,1945,3152,113,1309,NULL,NULL,NULL,NULL,14,1
wardjo01,1878,1894,2104,26,867,261,2317,253,920,NULL,1
warnelo01,1930,1945,215,4,97,343,2726,739,1140,9,0
washicl01,1974,1990,1884,164,824,NULL,NULL,NULL,NULL,NULL,0
wathajo01,1976,1985,656,21,261,NULL,NULL,NULL,NULL,NULL,0
watsobo01,1966,1984,1826,184,989,NULL,NULL,NULL,NULL,NULL,0
weisswa01,1987,2000,1207,25,386,NULL,NULL,NULL,NULL,1,0
welchbo01,1978,1994,88,2,30,462,2894,1034,1969,3,0
welchmi01,1880,1892,492,12,202,549,4587,1297,1850,NULL,1
wellsda01,1987,2007,23,0,5,489,3635,719,2201,3,0
wellswi99,NULL,NULL,NULL,NULL,NULL,NULL,NULL,NULL,NULL,NULL,1
werbebi01,1930,1942,1363,78,539,NULL,NULL,NULL,NULL,2,0
wertzvi01,1947,1963,1692,266,1178,NULL,NULL,NULL,NULL,3,0
westrwe01,1947,1957,503,96,315,NULL,NULL,NULL,NULL,NULL,0
westsa01,1927,1942,1838,75,838,NULL,NULL,NULL,NULL,2,0
wettejo01,1989,2000,7,1,8,17,616,252,804,3,0
wheatza01,1909,1927,2884,132,1248,NULL,NULL,NULL,NULL,11,1
whitalo01,1977,1995,2369,244,1084,NULL,NULL,NULL,NULL,10,0
whitebu01,1933,1946,883,17,245,NULL,NULL,NULL,NULL,NULL,0
whitede01,1871,1890,2066,23,977,0,19,2,3,NULL,1
whitede03,1985,2001,1934,208,846,NULL,NULL,NULL,NULL,7,0
whiteea01,1923,1939,264,4,98,473,3917,1431,1350,2,0
whitefr01,1973,1990,2006,160,886,NULL,NULL,NULL,NULL,11,0
whiteha01,1941,1954,37,0,7,67,875,450,349,NULL,0
whitero01,1965,1979,1803,160,758,NULL,NULL,NULL,NULL,NULL,0
whitero02,1993,2007,1519,198,768,NULL,NULL,NULL,NULL,NULL,0
whitewi01,1877,1886,271,1,111,401,3440,496,1041,NULL,0
wilheho01,1952,1972,38,1,21,52,1757,778,1610,NULL,1
willibe02,1991,2006,2336,287,1257,NULL,NULL,NULL,NULL,8,0
willibi01,1959,1976,2711,426,1475,NULL,NULL,NULL,NULL,7,1
willicy01,1912,1930,1981,251,1005,NULL,NULL,NULL,NULL,3,0
willijo99,NULL,NULL,NULL,NULL,NULL,NULL,NULL,NULL,NULL,NULL,1
willike01,1915,1929,1552,196,913,NULL,NULL,NULL,NULL,NULL,0
willima04,1987,2003,1878,378,1218,NULL,NULL,NULL,NULL,12,0
willimi02,1986,1997,3,1,4,3,537,544,660,NULL,0
willine01,1878,1890,1159,64,667,1,38,5,7,NULL,0
willite01,1939,1960,2654,521,1839,0,3,0,1,39,1
willivi01,1898,1910,248,1,84,471,3621,1212,1651,1,1
williwo02,1993,2007,105,4,43,330,2217,711,1480,NULL,0
willsma01,1959,1972,2134,20,458,NULL,NULL,NULL,NULL,9,0
wilsoha01,1923,1934,1461,244,1063,NULL,NULL,NULL,NULL,8,1
wilsoji01,1923,1940,1358,32,621,NULL,NULL,NULL,NULL,2,0
wilsoju99,NULL,NULL,NULL,NULL,NULL,NULL,NULL,NULL,NULL,NULL,1
wilsowi02,1976,1994,2207,41,585,NULL,NULL,NULL,NULL,3,0
winfida01,1973,1995,3110,465,1833,NULL,NULL,NULL,NULL,20,1
winnra01,1998,2010,1759,110,662,NULL,NULL,NULL,NULL,NULL,0
wiseri01,1964,1982,130,15,66,455,3227,804,1647,NULL,0
wittbo01,1986,2001,9,1,5,397,2493,1375,1955,NULL,0
wittmi01,1981,1993,0,0,0,299,2066,713,1373,NULL,0
wittwh01,1916,1926,1195,18,302,NULL,NULL,NULL,NULL,NULL,0
womacto01,1993,2006,1353,36,368,NULL,NULL,NULL,NULL,NULL,0
woodjo02,1908,1922,553,23,325,158,1138,421,989,3,0
woodwi01,1961,1978,27,0,13,297,2582,724,1411,3,0
worreto01,1985,1997,2,0,0,0,608,247,628,3,0
wrighge01,1871,1882,867,11,330,0,6,0,12,NULL,0
wrighgl01,1924,1935,1219,94,723,NULL,NULL,NULL,NULL,3,0
wyattwh01,1929,1945,133,7,69,210,1684,642,872,5,0
wynnea01,1939,1963,365,17,173,612,4291,1775,2334,4,1
wynnji01,1963,1977,1665,291,964,NULL,NULL,NULL,NULL,2,0
yastrca01,1961,1983,3419,452,1844,NULL,NULL,NULL,NULL,16,1
yeagest01,1972,1986,816,102,410,NULL,NULL,NULL,NULL,1,0
yerkest02,1909,1916,676,6,254,NULL,NULL,NULL,NULL,NULL,0
yorkru01,1934,1948,1621,277,1152,NULL,NULL,NULL,NULL,5,0
youngcy01,1890,1911,623,18,290,815,7092,1217,2803,3,1
younger01,1992,2006,1731,79,543,NULL,NULL,NULL,NULL,2,0
youngpe01,1933,1945,645,32,347,NULL,NULL,NULL,NULL,NULL,0
youngro01,1917,1926,1491,42,592,NULL,NULL,NULL,NULL,5,1
yountro01,1974,1993,3142,251,1406,NULL,NULL,NULL,NULL,12,1
zachato01,1918,1936,254,6,112,409,3580,914,720,NULL,0
zachrpa01,1976,1985,36,0,6,154,1147,495,669,1,0
zahnge01,1973,1985,6,0,1,270,1978,526,705,1,0
zeileto01,1989,2004,2004,253,1110,0,5,2,1,NULL,0
zimmech01,1884,1903,1224,26,625,NULL,NULL,NULL,NULL,NULL,0
ziskri01,1971,1983,1477,207,792,NULL,NULL,NULL,NULL,2,0
